dtype,m,n,k,ck_preshuffle,ck us,ck TFLOPS,ck TB/s,ck err,asm us,asm TFLOPS,asm TB/s,asm err,asm/ck
torch.bfloat16,1,1024,2048,False,9.010918367346946,0.4654690930503807,0.23296182635578136,0,8.063093023255789,0.5201854905930858,0.2603467421181216,0.0,0.8948136798657713
torch.bfloat16,1,12288,2048,False,9.965184782608711,5.050749092765348,2.5255800618893782,0,19.561913978494623,2.5729408714981603,1.286575128981156,0.0,1.963025714549134
torch.bfloat16,1,2048,4096,False,15.94037500000001,1.0524982003246466,0.526506057730762,0,10.242072916666658,1.6380684004601134,0.8194341192731378,0.0,0.6425239629975237
torch.bfloat16,1,2048,512,False,4.2511616161616175,0.49331269647036446,0.24677678590521895,0,7.309463157894748,0.28690916893601476,0.14352463065182966,0.0,1.7194037342890947
torch.bfloat16,1,9216,2048,False,9.910101123595496,3.809117135053445,1.9047652253574003,0,16.939950000000003,2.2283853258126496,1.1143135605476993,0.0,1.70936197206573
torch.bfloat16,1024,1024,2048,False,15.219565217391308,282.20039368090266,0.2755863219540065,0,21.675363636363617,198.14972279378784,0.19350558866580844,0.0,1.4241775850203202
torch.bfloat16,1024,12288,2048,False,137.1964948453609,375.662713614456,0.1987148143305635,0,86.66135789473685,594.7242093137121,0.31459207035637443,0.0,0.6316586877267965
torch.bfloat16,1024,2048,4096,False,50.19368041237116,342.27155775103716,0.25068717608718544,0,33.914300000000054,506.56711723373246,0.37102083781767514,0.0,0.6756687240579643
torch.bfloat16,1024,2048,512,False,8.60730927835053,249.49535081787317,0.18273585264980943,0,20.55052083333331,104.49777236383923,0.07653645436804632,0.0,2.3875662148010477
torch.bfloat16,1024,9216,2048,False,105.50215151515151,366.38784241711573,0.1987781263113692,0,76.93544444444453,502.4303939897658,0.27258593423923927,0.0,0.7292310473250925
torch.bfloat16,1025,1024,2048,False,19.996288659793827,214.9979765317274,0.20985654245117638,0,21.65803125000001,198.50195755904628,0.1937550071639128,0.0,1.0831025506021734
torch.bfloat16,1025,12288,2048,False,144.0101855670103,358.23812737186114,0.18932705275428688,0,93.40671717171716,552.3150878448927,0.29189575252790967,0.0,0.6486118798052204
torch.bfloat16,1025,2048,4096,False,59.93496875000002,286.9217546726425,0.21001108805950608,0,45.084136842105245,381.4345267433313,0.27918928655732117,0.0,0.7522175748544998
torch.bfloat16,1025,2048,512,False,9.15544444444444,234.7871600383501,0.1718514059636647,0,21.522912087912097,99.87406867713167,0.07310237543941159,0.0,2.3508320342626607
torch.bfloat16,1025,9216,2048,False,110.80198000000006,349.20363697471817,0.18928874736714982,0,77.64594565217385,498.31905677765064,0.27011800582549544,0.0007278963457792997,0.7007631601183825
torch.bfloat16,1027,1024,2048,False,20.083673469387758,214.48019529722586,0.20914739558987905,0,21.650541666666673,198.95808032516504,0.19401121988864783,0.0,1.078017012160011
torch.bfloat16,1027,12288,2048,False,142.69187,362.2533119511294,0.1911049312059615,0,93.06110204081632,555.4479945157823,0.29302382415415457,0.0,0.652182230429921
torch.bfloat16,1027,2048,4096,False,60.02017525773195,287.0734841744795,0.2098494372253179,0,45.6827444444444,377.17087800961593,0.27571023048576354,0.0,0.7611231431477608
torch.bfloat16,1027,2048,512,False,9.485670103092783,227.05566191868365,0.16597667670169872,0,21.681636363636358,99.33637239725283,0.07261444540415435,0.0,2.285725323355606
torch.bfloat16,1027,9216,2048,False,108.98205208333339,355.7278573021913,0.1924873279497378,0,77.62925263157891,499.3987518595475,0.270228854315499,0.0,0.7123122674568425
torch.bfloat16,1031,1024,2048,False,20.04949484536082,215.68261232280327,0.20991252061264887,0,21.594673684210534,200.24972302136874,0.19489250273215514,0.0,1.0770682179659627
torch.bfloat16,1031,12288,2048,False,143.66748999999996,361.1946522348237,0.18986419265764307,0,93.7869191919192,553.2960196913161,0.29084345914147747,0.0,0.6528054411747517
torch.bfloat16,1031,2048,4096,False,60.15669696969694,287.5375572018734,0.20964555295236542,0,45.968705882352864,376.2844605690835,0.2743515127938705,0.0,0.7641494330300238
torch.bfloat16,1031,2048,512,False,9.52479120879121,227.0037909077064,0.1655099797405498,0,21.62062626262624,100.00467543058875,0.07291407662529523,0.0,2.2699317799922785
torch.bfloat16,1031,9216,2048,False,109.29918000000002,356.07720767895967,0.19200378264502985,0,77.65061458333342,501.20590834774134,0.2702600116252564,0.0,0.7104409619846499
torch.bfloat16,1039,1024,2048,False,20.049494845360822,217.35619224383373,0.2107296983084645,0,21.581434343434356,201.92735045554483,0.19577123247535047,0.0,1.0764078850808554
torch.bfloat16,1039,12288,2048,False,143.7356464646464,363.8247265605231,0.18988815002625828,0,93.2917040816327,560.5491162026675,0.29256294832086355,0.0,0.6490505756662038
torch.bfloat16,1039,2048,4096,False,59.76353000000001,291.67499684171935,0.2115730446310651,0,46.44017441860467,375.354477932724,0.27227184562283796,0.0,0.7770654514317454
torch.bfloat16,1039,2048,512,False,9.285939393939396,234.64948838909262,0.1702083045073033,0,21.726173469387746,100.29105820544677,0.07274838352123958,0.0,2.339685038604457
torch.bfloat16,1039,9216,2048,False,111.26600000000002,352.49704944906796,0.18875703269642113,0,77.5933870967742,505.4675169042922,0.2706704886307654,0.0,0.6973683523877391
torch.bfloat16,1040,1024,2048,False,19.86252083333333,219.6134215088929,0.2128164916965684,0,21.576989690721646,202.16333337155658,0.1959064753976172,0.0,1.0863167808242693
torch.bfloat16,1040,12288,2048,False,140.52479381443302,372.49593113883475,0.19424148051798462,0,93.17047959183672,561.8186591859754,0.2929655843736964,0.0,0.6630180843024113
torch.bfloat16,1040,2048,4096,False,58.96523076923075,295.9083584067796,0.21450688541356844,0,46.504080459770094,375.19943341518683,0.2719857671617002,0.0,0.7886695236006244
torch.bfloat16,1040,2048,512,False,9.191755102040824,237.28200499116315,0.17200806401477794,0,21.660947916666654,100.68987231726072,0.07299108081892773,0.0,2.356562775683321
torch.bfloat16,1040,9216,2048,False,109.90317999999996,357.2115514764906,0.19111628981072254,0,77.64020833333333,505.6488935662095,0.27053363780043094,0.0,0.7064418730498367
torch.bfloat16,1041,1024,2048,False,20.037510416666667,217.90483813639108,0.21106015228729866,0,21.736175257731947,200.87574802042687,0.19456596893676711,0.0,1.0847742461884076
torch.bfloat16,1041,12288,2048,False,141.0635306122449,371.43013038588924,0.19351416969022353,0,93.53240624999995,560.18280367934,0.29185384076441434,0.0,0.6630516466165987
torch.bfloat16,1041,2048,4096,False,60.061903225806425,290.78468909549787,0.21065839276574339,0,47.06647368421049,371.07266571914556,0.26882285859976335,0.0,0.7836327381645098
torch.bfloat16,1041,2048,512,False,9.344919191919194,233.61734726265118,0.16924362506715143,0,21.62750526315788,100.94253615644413,0.07312762062733962,0.0,2.3143597947705925
torch.bfloat16,1041,9216,2048,False,108.76486734693881,361.2971277816393,0.19313530657830774,0,77.91768539325834,504.33266822117434,0.2695965093672755,0.0,0.7163865252987993
torch.bfloat16,1072,1024,2048,False,19.972093750000006,225.12881945589697,0.21493029492714047,0,21.674697916666663,207.44436232915592,0.19804695855526633,0.0,1.0852491575484746
torch.bfloat16,1072,12288,2048,False,142.94146999999998,377.46587226226234,0.1914159690676191,0,93.48107070707071,577.1813079149822,0.29269326712932536,0.0,0.6539814562356937
torch.bfloat16,1072,2048,4096,False,58.89377011494255,305.38332860841587,0.21699273072615832,0,48.612228260869514,369.97225174467457,0.2628869413560064,0.0,0.8254222503669467
torch.bfloat16,1072,2048,512,False,9.512347368421048,236.33987037346486,0.16793331216048288,0,22.07679999999997,101.83300768227292,0.07235831279895646,0.0,2.320857212730709
torch.bfloat16,1072,9216,2048,False,109.41078000000002,369.85976146043373,0.19257539339359428,0,78.18095918367342,517.6023089833192,0.2695007098915208,0.0,0.7145635849015373
torch.bfloat16,1073,1024,2048,False,20.311350515463932,221.5750345391154,0.21144118391981312,0,21.7336105263158,207.07503645336124,0.19760435086475317,0.0,1.0700229169778266
torch.bfloat16,1073,12288,2048,False,145.0755000000001,372.2603630799133,0.18861439733104474,0,94.18560204081625,573.3982385184099,0.29052559422131036,0.0,0.6492178351328528
torch.bfloat16,1073,2048,4096,False,59.83728089887637,300.8484426025789,0.2136396542082856,0,48.817645161290315,368.7591383919221,0.2618646589314943,0.0,0.8158399651179172
torch.bfloat16,1073,2048,512,False,9.287181818181823,242.29568668448192,0.17205994577080816,0,22.0664845360825,101.97564964734023,0.0724153408934293,0.0,2.3760151322635044
torch.bfloat16,1073,9216,2048,False,112.14959999999999,361.16396070962355,0.1878907459322191,0,78.31269791666665,517.2136167636716,0.26907350353863174,5.177591447136365e-05,0.6982878041175952
torch.bfloat16,1077,1024,2048,False,20.323043010752684,222.2730821171794,0.2117226243000821,0,21.73369072164952,207.84621746274456,0.19798054803981435,0.0,1.0694112446718966
torch.bfloat16,1077,12288,2048,False,145.3483,372.9468104958916,0.18831675361872138,0,94.03906185567007,576.4326422056026,0.2910654302571569,0.0,0.6469911368462519
torch.bfloat16,1077,2048,4096,False,59.87904761904763,301.7593357021296,0.213764254926598,0,48.75831182795693,370.5842338380469,0.2625193432694026,0.0,0.8142800155767144
torch.bfloat16,1077,2048,512,False,9.492276595744684,237.94425723040223,0.16855808865886482,0,22.20326262626263,101.72526182383785,0.07206148154584614,0.0,2.339087193921023
torch.bfloat16,1077,9216,2048,False,112.80240999999995,360.41241203977836,0.18687600734771542,0,78.50813043478254,517.8494054927575,0.26850803710720655,0.0,0.6959791943698949
torch.bfloat16,1091,1024,2048,False,20.26432989690721,225.81480301988162,0.21375096151889467,0,21.829621052631552,209.62277141537308,0.19842396666239137,0.0,1.0772436672560903
torch.bfloat16,1091,12288,2048,False,147.37351999999998,372.6030834304562,0.18592344133464414,0,95.05409374999984,577.6903003506894,0.28825893676988584,0.0,0.6449876053038555
torch.bfloat16,1091,2048,4096,False,59.82732926829265,305.9461767700993,0.21490753736209564,0,49.90317346938774,366.78915154019705,0.2576458190156408,0.0,0.8341200264113323
torch.bfloat16,1091,2048,512,False,9.520836956521746,240.3142541405177,0.1688053274454085,0,22.503464646464636,101.67291427986626,0.07141869153257212,0.0,2.3636015141557305
torch.bfloat16,1091,9216,2048,False,114.79883,358.74817692828407,0.18387588096498894,0,79.5324081632653,517.8250216120344,0.26541049727386196,0.0,0.6927980726220407
torch.bfloat16,112,1024,2048,False,8.90866999999999,52.730884408110356,0.26115323611717606,0,9.913788235294135,47.38471680558976,0.23467598306339793,8.71930842549773e-06,1.112824724150086
torch.bfloat16,112,12288,2048,False,21.243235955056164,265.36185861355494,1.1954487561936447,0,23.086100000000027,244.17916304616168,1.1000212248928996,0.0,1.086750627298156
torch.bfloat16,112,2048,4096,False,16.343393939393938,114.9729486401697,0.5413416596827186,0,17.983969999999978,104.48461557709462,0.4919581160333347,8.71930842549773e-06,1.1003816016850463
torch.bfloat16,112,2048,512,False,4.650343434343432,50.50831778689097,0.23781469382081058,0,9.784699999999992,24.004928510838372,0.11302543767310197,0.0,2.1040811583373875
torch.bfloat16,112,9216,2048,False,15.540337349397587,272.0570562236791,1.229300469512687,0,21.70927906976745,194.74890982850536,0.8799805805898021,0.0,1.3969631792201087
torch.bfloat16,128,1024,2048,False,9.267757575757578,57.92889030722346,0.25457031873291563,0,9.96981012658227,53.84966264989879,0.23664402531693804,0.0,1.0757521487895958
torch.bfloat16,128,12288,2048,False,21.27367816091954,302.83672128851686,1.1952784002679908,0,23.907877777777806,269.4697958506468,1.0635811441045222,0.0,1.1238243615858294
torch.bfloat16,128,2048,4096,False,16.296061855670093,131.77930146680188,0.5469355773768633,0,20.151294736842107,106.56802334759213,0.4422989250266275,1.1444091796875e-05,1.236574512008901
torch.bfloat16,128,2048,512,False,4.685132653061211,57.295166621292445,0.23779732240282508,0,9.836679999999987,27.289233359222862,0.11326097829755584,0.0,2.0995520785463384
torch.bfloat16,128,9216,2048,False,20.7689268292683,232.6474664637368,0.9214010987333325,0,22.455552941176514,215.17342372540327,0.8521950917944031,0.0,1.0812091123327259
torch.bfloat16,1343,1024,2048,False,20.57266315789473,273.80753910017546,0.23563385852354923,0,22.692106382978704,248.23390904888683,0.2136256510605902,0.0,1.103022307263639
torch.bfloat16,1343,12288,2048,False,175.99256999999994,384.08100560154344,0.15862196909790002,0,109.05818181818184,619.8104730619185,0.25597609949651556,0.0,0.6196749204706873
torch.bfloat16,1343,2048,4096,False,70.83298888888883,318.09756218736146,0.19608852058731596,0,52.78428409090915,426.8657134611128,0.2631377168264397,0.0,0.7451935167342504
torch.bfloat16,1343,2048,512,False,10.583889999999997,266.109637949752,0.16404100949650843,0,23.284474747474764,120.95935882364925,0.07456436182604001,0.0,2.1999921340334008
torch.bfloat16,1343,9216,2048,False,134.86580000000006,375.9036942501359,0.16034333389191321,0,92.55420999999997,547.7498262693833,0.23364503894528416,8.176398114301264e-05,0.686268942904724
torch.bfloat16,16,1024,2048,False,8.77948979591836,7.643822768744413,0.24260179685956387,0,9.025960000000007,7.43509432791636,0.23597711489968914,0.0,1.0280734085705336
torch.bfloat16,16,12288,2048,False,9.558633333333322,84.24911176283928,2.6362128477223066,0,20.402826086956512,39.47033438249179,1.235054001470385,0.0,2.1344919692448925
torch.bfloat16,16,2048,4096,False,16.37852577319587,16.389476056465693,0.516172463692401,0,10.745234567901226,24.981814431663093,0.7867807767784518,0.0,0.6560562725056881
torch.bfloat16,16,2048,512,False,4.331275510204072,7.747009378865178,0.24398540280117378,0,8.474679999999992,3.9593745132559612,0.12469709770752417,0.0,1.95662455090526
torch.bfloat16,16,9216,2048,False,9.73482828282829,62.04318745564188,1.9422156663360115,0,20.242287234042557,29.837526215133156,0.9340414836226038,0.0,2.0793676730537562
torch.bfloat16,1688,1024,2048,False,26.01668085106382,272.1325288391082,0.21348518789908935,0,24.03637500000002,294.55294951921803,0.23107377880399999,0.0,0.9238832246741873
torch.bfloat16,1688,12288,2048,False,219.70177000000007,386.7052223748583,0.13028046155477033,0,134.68188775510205,630.8184659431427,0.21252188009159903,0.0,0.6130214051307007
torch.bfloat16,1688,2048,4096,False,82.15770408163267,344.7021910429853,0.18625953793444786,0,54.74909876543215,517.2677038819282,0.2795051671181461,0.0,0.6663903206330222
torch.bfloat16,1688,2048,512,False,12.357864583333338,286.45665698378633,0.15478661277610825,0,25.577224489795938,138.40409374411536,0.07478653521468392,0.0,2.0697123129420865
torch.bfloat16,1688,9216,2048,False,166.90369,381.7762589191407,0.13379807240930383,0,113.55317171717175,561.145632521017,0.1966602223636788,0.0,0.6803514752560099
torch.bfloat16,2,1024,2048,False,9.016731182795693,0.9303380382467009,0.23303877618191288,0,7.9520625000000065,1.0548971414648707,0.26423937186107355,0.0,0.8819229872542812
torch.bfloat16,2,12288,2048,False,9.482141304347829,10.616093218716646,2.6544552746180745,0,20.10993617021275,5.005649702116138,1.2516161059368354,0.0,2.1208222409627853
torch.bfloat16,2,2048,4096,False,15.974042553191497,2.10055982311729,0.5256527877673884,0,10.363642857142864,3.2377063222391445,0.8102170362048641,0.0,0.6487802209511633
torch.bfloat16,2,2048,512,False,4.30571717171717,0.9741243636602501,0.24376891424603428,0,7.375839999999966,0.5686544176663294,0.14230243606152043,0.0,1.713034021010348
torch.bfloat16,2,9216,2048,False,9.235011363636374,8.1751357986713,2.0442274791707917,0,20.157174418604598,3.7454392382653396,0.9365630126500082,0.0,2.182690808370323
torch.bfloat16,2017,1024,2048,False,26.72818085106383,316.5165341831815,0.23301129376158483,0,25.53307291666668,331.33149290768694,0.2439176835599252,0.0,0.9552865965305835
torch.bfloat16,2017,12288,2048,False,260.9845400000001,388.9844740075407,0.11225431207534357,0,152.69413131313132,664.8515770905049,0.19186487226494056,0.0,0.5850696417233422
torch.bfloat16,2017,2048,4096,False,94.3683333333334,358.59110229773387,0.17643884777732632,0,57.70671910112361,586.4073577411389,0.2885320853334703,0.0,0.6115051210800612
torch.bfloat16,2017,2048,512,False,12.604866666666664,335.58114463725656,0.16511717696339512,0,27.81204999999997,152.09075145485517,0.07483375011910313,0.0,2.2064533275507325
torch.bfloat16,2017,9216,2048,False,198.99678,382.61523885964385,0.11560581030507126,0,129.67055999999994,587.1741474086333,0.17741254452822608,0.00015504065959248692,0.651621398094984
torch.bfloat16,2048,1024,2048,False,26.45019999999999,324.7587765687973,0.2378604320572246,0,25.622656250000016,335.24762258011384,0.2455426923194193,0.0,0.9687131382749478
torch.bfloat16,2048,12288,2048,False,260.35772999999995,395.91378794092276,0.11276841290635008,0,151.73691752577318,679.328516651141,0.1934936367414545,0.0,0.5828016611059453
torch.bfloat16,2048,2048,4096,False,93.80238297872349,366.2992055947403,0.17885703398180677,0,57.50528235294118,597.5057762018383,0.29175086728605387,0.0,0.613047137256467
torch.bfloat16,2048,2048,512,False,12.514577319587634,343.19715211456486,0.16757673443093987,0,27.98084999999999,153.49666990102165,0.07494954585010823,0.0,2.2358605716714677
torch.bfloat16,2048,9216,2048,False,199.57718999999997,387.36596766394,0.11558771821569391,0,130.15654081632638,593.9725413961107,0.1772379002646815,0.0,0.6521614059017786
torch.bfloat16,2050,1024,2048,False,31.241316326530608,275.2228206433854,0.20151366012237198,0,31.70967999999997,271.1576780339634,0.1985372290101952,0.0,1.0149918034366439
torch.bfloat16,2050,12288,2048,False,265.8069899999999,388.17594074557644,0.11047197818236461,0,158.05761999999996,652.7991399592125,0.185781767433927,0.0,0.5946330455794259
torch.bfloat16,2050,2048,4096,False,102.81191999999997,334.52631562565904,0.1632632480747369,0,68.46231460674157,502.36824445040384,0.24517733729012894,0.0,0.6658986098765746
torch.bfloat16,2050,2048,512,False,13.255364583333334,324.33371205840405,0.15828881859938781,0,30.71522680412369,139.96841460479834,0.068310613930362,0.0,2.3171921534880724
torch.bfloat16,2050,9216,2048,False,202.42810588235307,382.283420885114,0.11398006170847345,0,131.33369387755099,589.2235763363957,0.175680492330566,0.0,0.6487917935362165
torch.bfloat16,2063,1024,2048,False,31.334442105263182,276.1449884102643,0.2017644347635625,0,32.58616494845362,265.53751156932697,0.19401411642028835,0.0,1.0399471877937214
torch.bfloat16,2063,12288,2048,False,266.36978,389.8121995070162,0.1103385226357134,0,157.4751818181819,659.368597801558,0.18663796834941368,0.0,0.5911901185569246
torch.bfloat16,2063,2048,4096,False,103.22941414141414,335.28618655711625,0.16311877908105435,0,69.829409090909,495.65644416295106,0.24113988961410535,0.0,0.6764487590256938
torch.bfloat16,2063,2048,512,False,13.205181818181815,327.6308221703602,0.15939439751612663,0,30.735858585858598,140.76146803950238,0.0684813145570764,0.0,2.3275604235557985
torch.bfloat16,2063,9216,2048,False,204.19603000000004,381.3768679440045,0.11312360969995351,0,130.94168041237114,594.735321272404,0.17640977210047787,0.0007417183369398117,0.6412547805771303
torch.bfloat16,2064,1024,2048,False,31.1609479166667,277.8170766547736,0.20295351787477026,0,32.63808999999999,265.24356835832003,0.19376820150934082,0.0,1.047403631214416
torch.bfloat16,2064,12288,2048,False,265.22098000000005,391.6904366766158,0.11082417386437526,0,158.29904040404045,656.2549034210597,0.18567955892201207,0.0,0.5968571581480485
torch.bfloat16,2064,2048,4096,False,101.74151,340.35443177519187,0.16554454519104347,0,69.61909756097569,497.3947528359013,0.24192718076025507,0.0,0.684274270757095
torch.bfloat16,2064,2048,512,False,13.188091836734696,328.21440596456443,0.15963977397667806,0,30.75603092783507,140.73733174987044,0.06845304600388487,0.0,2.332106214347542
torch.bfloat16,2064,9216,2048,False,202.31241999999997,385.11422632382136,0.11418695896178792,0,130.7569696969697,595.8641538157767,0.1766746358036422,0.00039880507392808795,0.64631212308651
torch.bfloat16,2099,1024,2048,False,31.653561224489813,278.1312356471479,0.20205953935608356,0,33.78213684210522,260.6064896708105,0.18932798803977088,0.0,1.0672460075667114
torch.bfloat16,2099,12288,2048,False,269.69901999999996,391.71862453189493,0.10924984451185624,0,159.8776262626263,660.7937059214164,0.1842945550842705,0.0,0.5928001750344748
torch.bfloat16,2099,2048,4096,False,103.21231999999998,341.1935356554335,0.16457446165341505,0,72.4457127659575,486.093310970195,0.2344667662374334,0.0,0.7019095469025162
torch.bfloat16,2099,2048,512,False,13.342319999999996,329.9217863160231,0.15913754129716576,0,31.31602083333333,140.5645395188432,0.0678012066507492,0.0,2.3471196038869806
torch.bfloat16,2099,9216,2048,False,208.00765999999996,380.9215336781348,0.11140512806114931,0,131.8344742268041,601.0157610799672,0.17577435747294487,0.0,0.6337962468632363
torch.bfloat16,2159,1024,2048,False,31.673927835051533,285.8976753106967,0.205809144794037,0,35.04307216494842,258.41062944982605,0.18602204650653795,0.0,1.1063696409059967
torch.bfloat16,2159,12288,2048,False,275.68866000000014,394.1621248839177,0.1073219914087144,0,160.7260500000001,676.0946842904428,0.18408625110864096,0.0,0.5829984084220222
torch.bfloat16,2159,2048,4096,False,104.51354,346.57719319429805,0.16487693364897982,0,73.74165882352948,491.20144463637,0.23367893094509093,0.0,0.7055703866076058
torch.bfloat16,2159,2048,512,False,13.43535416666667,337.0027400716703,0.1603220855423424,0,32.14409574468084,140.85794181188768,0.06701025336375929,0.0,2.392500811361628
torch.bfloat16,2159,9216,2048,False,208.83926999999997,390.2499803988015,0.11154990151038166,0,134.02418556701025,608.0956260185693,0.17381937373051465,0.0001929905847646296,0.6417575849935229
torch.bfloat16,2160,1024,2048,False,31.495454545454553,287.65092521287335,0.20704041564439307,0,35.147312500000034,257.76356698680706,0.1855286090508341,0.0,1.1159487299754662
torch.bfloat16,2160,12288,2048,False,270.2367446808511,402.30043404494734,0.10949474704095155,0,160.66854639175267,676.6499238433425,0.18416488270114123,0.0,0.5945473720885064
torch.bfloat16,2160,2048,4096,False,103.20471999999997,351.1349728965886,0.16700755546839338,0,74.2091489361702,488.3331378880279,0.2322620357070156,0.0,0.7190480138521786
torch.bfloat16,2160,2048,512,False,13.357909090909093,339.1135760223769,0.16128991336423093,0,32.18171578947369,140.75844649282706,0.0669478288259793,0.0,2.4091881124850145
torch.bfloat16,2160,9216,2048,False,208.58447,390.90767284831895,0.11169598580373696,0,133.70227551020406,609.8420497994974,0.1742531898660312,0.0,0.6409982272899035
torch.bfloat16,2313,1024,2048,False,31.989600000000024,303.2680981318926,0.2136374321654536,0,35.830239583333295,270.7608228361579,0.19073765845481447,0.0,1.1200590061561653
torch.bfloat16,2313,12288,2048,False,293.3245789473684,396.8883284236772,0.10194456975719551,0,173.60583838383826,670.5828727177058,0.1722456357365444,0.0,0.5918557490369348
torch.bfloat16,2313,2048,4096,False,113.50401999999993,341.8883367126558,0.15737465510032167,0,76.18870408163255,509.3366671051597,0.23445281312123406,0.0,0.6712423408583467
torch.bfloat16,2313,2048,512,False,14.447295918367349,335.75228218542406,0.15455016721581255,0,32.663689999999995,148.50473342111687,0.06835822896923159,0.0,2.260886063700925
torch.bfloat16,2313,9216,2048,False,226.8046767676768,384.969250248033,0.10410451996184318,0,144.5017373737373,604.2337480149134,0.1633986720791586,0.0,0.6371197430013977
torch.bfloat16,2325,1024,2048,False,31.898875,305.7084865845583,0.2150154825209353,0,35.878131313131355,271.8022495344084,0.19116803882953917,0.0,1.1247459765628522
torch.bfloat16,2325,12288,2048,False,290.0319340659341,403.47654121906845,0.10318665114027231,0,173.62139795918378,674.0014939144206,0.1723717488269249,0.0,0.5986285562599937
torch.bfloat16,2325,2048,4096,False,114.12761999999994,341.7842867484665,0.1569454265321577,0,75.55095180722893,516.3009368767172,0.23708249296054731,0.0,0.661986570886425
torch.bfloat16,2325,2048,512,False,14.497129999999997,336.3340468078855,0.15444270693578666,0,32.558112244897906,149.75924781278087,0.06876860621275313,0.0,2.245831571138419
torch.bfloat16,2325,9216,2048,False,227.15619191919205,386.36768145515305,0.10405161224224167,0,145.86214141414143,601.7038441168193,0.16204319894695088,0.0,0.6421226741907614
torch.bfloat16,256,1024,2048,False,8.97506315789474,119.63613014305129,0.2920803958570588,0,11.048419753086447,97.18510411410132,0.2372683205910677,0.0,1.231013036757064
torch.bfloat16,256,12288,2048,False,39.01445918367345,330.25965648633166,0.6584766913993428,0,35.95065555555557,358.4051998186402,0.7145937008102771,0.0,0.9214700474587123
torch.bfloat16,256,2048,4096,False,16.689572916666652,257.3443501188057,0.5654538943040164,0,21.887707070707087,196.22737466859064,0.43116366504328996,9.5367431640625e-06,1.3114599864235854
torch.bfloat16,256,2048,512,False,4.93421,108.80584977129064,0.23907535350137102,0,10.961490000000008,48.977913769022244,0.10761748630888676,0.0,2.221528876963082
torch.bfloat16,256,9216,2048,False,32.23785542168674,299.76176422390506,0.6017353122984206,0,34.096160919540225,283.42417900960305,0.5689395954511346,0.0,1.0576435830965165
torch.bfloat16,3072,1024,2048,False,37.61726041666668,342.52632289753944,0.2229989081364189,0,37.63320618556697,342.381189220641,0.22290442006552147,0.0,1.0004238950078679
torch.bfloat16,3072,12288,2048,False,382.46163000000007,404.2727702018108,0.08224950565629288,0,216.96535000000006,712.6429296475219,0.14498757520498085,0.0,0.567286579832858
torch.bfloat16,3072,2048,4096,False,136.12622,378.61631324222475,0.15405937225025423,0,80.61479775280897,639.3318471136912,0.260144794561235,0.0,0.5922062461795309
torch.bfloat16,3072,2048,512,False,17.223729166666658,374.04506780495433,0.1521993277201149,0,37.052020408163244,173.875833841995,0.07075025791096802,0.0,2.151219404905099
torch.bfloat16,3072,9216,2048,False,295.59565000000003,392.306574849799,0.08513597544483485,0,182.3829587628866,635.8275892582884,0.13798341780778828,0.0,0.6170014976975696
torch.bfloat16,3073,1024,2048,False,42.30674736842107,304.6581690565221,0.1983290260281985,0,37.92153125000001,339.88860067458376,0.22126363897818602,0.0,0.8963471221213685
torch.bfloat16,3073,12288,2048,False,387.16447,399.49211843741756,0.0812557205985353,0,223.33341000000004,692.5482143670307,0.14086261433074432,0.0,0.5768437635819218
torch.bfloat16,3073,2048,4096,False,145.7931000000001,353.6270562049916,0.14387248779263206,0,90.8870736842106,567.2576162715277,0.2307876703444133,0.0,0.6233976346220126
torch.bfloat16,3073,2048,512,False,17.776,362.54208460846087,0.1474995499549955,0,39.13934999999995,164.65649266020023,0.06699017740458141,0.0,2.2018086183618335
torch.bfloat16,3073,9216,2048,False,295.85725999999994,392.08727116583185,0.0850676167284183,0,184.8948282828283,627.3937827539193,0.1361199349583831,0.0,0.6249460577131971
torch.bfloat16,3182,1024,2048,False,42.85018000000003,311.46369345472976,0.20102337959840527,0,38.293683673469424,348.52419636104503,0.22494278882780508,0.0,0.8936644764028855
torch.bfloat16,3182,12288,2048,False,396.33695,404.0887531076777,0.07993844631443019,0,223.67701000000008,716.0114664265225,0.1416442396113932,0.0,0.5643607289201779
torch.bfloat16,3182,2048,4096,False,146.85151000000002,363.5311704455745,0.14587578976886242,0,96.81077419354837,551.4376034765526,0.22127785030591773,0.0,0.6592426199332125
torch.bfloat16,3182,2048,512,False,18.106908163265313,368.54097915723884,0.14788609827008176,0,40.88383838383837,163.22189715528106,0.06549678567016678,0.0,2.2579138312957334
torch.bfloat16,3182,9216,2048,False,302.60851,396.93688043340217,0.0839074353857398,0,184.82188172042996,649.9039877415255,0.13738148190920244,0.0011779585620388389,0.6107623401616495
torch.bfloat16,3183,1024,2048,False,42.663616161616176,312.92400488103067,0.20195043869140258,0,38.11940206185564,350.2276769802539,0.22602495144123935,0.0,0.8934873667870447
torch.bfloat16,3183,12288,2048,False,397.6013599999998,402.93030080178823,0.0796893853682996,0,224.14068750000015,714.7548148035366,0.14136035877020312,0.0,0.5637321952319285
torch.bfloat16,3183,2048,4096,False,145.81949999999998,366.21904839887674,0.1469362876707162,0,96.42453763440845,553.8204261914334,0.22220667607696376,0.0,0.6612595546851311
torch.bfloat16,3183,2048,512,False,18.106709677419353,368.6608409215618,0.14791599620885504,0,40.87940206185564,163.29091129805508,0.06551641816941059,0.0,2.2576935727221508
torch.bfloat16,3183,9216,2048,False,299.31248000000005,401.4340687965967,0.08483826668370126,0,187.46521428571418,640.9414522359009,0.13545527417848577,0.00030755565967410803,0.6263194046760567
torch.bfloat16,32,1024,2048,False,9.25616666666667,14.500357743486319,0.2336483425464104,0,8.517126436781604,15.758569394998593,0.25392226075925467,0.0,0.9201569876062733
torch.bfloat16,32,12288,2048,False,9.623348314606737,167.3651086239227,2.6218899259525648,0,20.447516129032266,78.76813622918152,1.233957212249141,0.0,2.1247818805431926
torch.bfloat16,32,2048,4096,False,16.491150000000008,32.55509239804378,0.5166213393244252,0,10.835600000000014,49.54694820775954,0.7862674886485279,1.52587890625e-05,0.6570554509539971
torch.bfloat16,32,2048,512,False,4.579440000000004,14.654382195202892,0.23255245182817091,0,7.8283734939759215,8.572516890212444,0.136038476040969,0.0,1.7094608716297002
torch.bfloat16,32,9216,2048,False,9.66176136363636,125.02477618070303,1.960295156045094,0,20.576956043956027,58.704482306303426,0.9204424580361161,0.0,2.1297313470606727
torch.bfloat16,3847,1024,2048,False,48.55943877551021,332.2832366863669,0.2054349937221898,0,41.081258064516106,392.77004279323694,0.24283112226829764,0.0,0.8459994411062769
torch.bfloat16,3847,12288,2048,False,474.421322580645,408.13058064667047,0.06965218135696863,0,268.0480515463917,722.3549984376167,0.12327819511973179,0.0,0.5650000090390694
torch.bfloat16,3847,2048,4096,False,175.9177474747475,366.88708716705696,0.137256873434365,0,100.34441304347834,643.2042202891212,0.24063043738706,0.0,0.5704052859014835
torch.bfloat16,3847,2048,512,False,21.388282828282833,377.2039021913253,0.14111651805954356,0,43.27943877551015,186.41054441226177,0.06973842742406086,0.0,2.023511617224339
torch.bfloat16,3847,9216,2048,False,360.41062999999997,402.92759231879484,0.07422928674440041,0,226.7338300000001,640.4839868492494,0.11799308466672127,6.842678703833371e-05,0.6290986200934199
torch.bfloat16,4,1024,2048,False,9.076956989247305,1.8483304503783076,0.23194381140001225,0,8.125191489361697,2.0648394591027652,0.2591131547799857,0.0,0.8951448705757795
torch.bfloat16,4,12288,2048,False,9.477755555555543,21.242011446685716,2.65611577049419,0,20.392547368421052,9.8725572809881,1.2344713755076675,0.0,2.1516220004711584
torch.bfloat16,4,2048,4096,False,16.083789473684206,4.172453519725648,0.5225753553757954,0,10.34893548387096,6.4846151669020085,0.8121600538624829,0.0,0.643438879923389
torch.bfloat16,4,2048,512,False,4.295070000000002,1.9530782967448719,0.2446116128491502,0,7.389373737373739,1.1352258389059908,0.14218038460907553,0.0,1.7204315034152495
torch.bfloat16,4,9216,2048,False,9.35434523809524,16.141690322170113,2.018587033018777,0,18.71231313131314,8.069282666466574,1.0090981199113203,0.0,2.0003872697693375
torch.bfloat16,4096,1024,2048,False,48.49066666666664,354.29228684557876,0.21624285085789716,0,41.4933666666667,414.0389311383904,0.25270930855614654,0.0,0.8556980037395524
torch.bfloat16,4096,12288,2048,False,502.49278787878785,410.27142116461556,0.06677594745517831,0,276.62518367346945,745.262696151884,0.12129926695180406,0.0,0.5505057790803506
torch.bfloat16,4096,2048,4096,False,175.4023595505618,391.7819401750453,0.14347483160707228,0,103.12443478260862,666.3743358289821,0.24403357024987138,0.0,0.587930715680491
torch.bfloat16,4096,2048,512,False,21.775928571428565,394.4692674676823,0.14445896025427818,0,45.483372340425554,188.85878838771325,0.06916215395057859,0.0,2.0886995560824304
torch.bfloat16,4096,9216,2048,False,381.63241999999974,405.1511731000215,0.07143778822564398,0,236.17163636363617,654.6883657863624,0.11543713046905804,8.985731255961582e-05,0.6188458421945293
torch.bfloat16,4111,1024,2048,False,53.553462365591365,321.9732764669696,0.1963734842802049,0,48.14548453608246,358.1391673621533,0.2184312838749906,0.0,0.8990172140021412
torch.bfloat16,4111,12288,2048,False,508.8123699999998,406.6595411742841,0.0660069486911256,0,282.1414210526317,733.3676996310357,0.1190365876612456,0.0,0.5545097519005519
torch.bfloat16,4111,2048,4096,False,185.11266000000012,372.5900485466524,0.13628059798827366,0,114.23934065934063,603.7424111337486,0.22082816527475577,0.0,0.6171341315031643
torch.bfloat16,4111,2048,512,False,22.30703260869564,386.4876168531373,0.14136384947815744,0,47.11373469387748,182.99105193034856,0.0669318197865089,0.0,2.112057462789192
torch.bfloat16,4111,9216,2048,False,386.26037499999984,401.7628101148094,0.07066139259042559,0,237.5777171717171,653.1970066192483,0.11488323200055241,0.0,0.6150714195617845
torch.bfloat16,4141,1024,2048,False,53.44686956521739,324.9696943018585,0.1979146783721827,0,49.20577083333331,352.9791845519476,0.21497315905951084,0.0,0.9206483229722375
torch.bfloat16,4141,12288,2048,False,507.5948478260869,410.60967277471343,0.06628631504850904,0,283.62511340206197,734.8550763646332,0.11863051052289289,0.0,0.5587627900810336
torch.bfloat16,4141,2048,4096,False,188.4334800000001,368.6948383907147,0.1345309973577943,0,115.58886458333338,601.0479617256958,0.21931302890966548,0.0,0.6134199961882215
torch.bfloat16,4141,2048,512,False,22.550313131313143,385.10801962838633,0.14051991125568364,0,47.62917525773196,182.3316567000647,0.06652997837676379,0.0,2.1121292187998293
torch.bfloat16,4141,9216,2048,False,387.2724700000001,403.63704596921116,0.0706353746239695,0,234.5700101010102,666.4002602407987,0.11661821555202376,0.0006579592591151595,0.6056976115575944
torch.bfloat16,4142,1024,2048,False,53.776214285714225,323.0574594875327,0.19674066202928295,0,49.14952083333327,353.46849518454997,0.21526085749394835,0.0,0.9139639427238364
torch.bfloat16,4142,12288,2048,False,505.4095697674418,412.48464312206573,0.06657697442389748,0,283.2255154639174,736.0695793051149,0.11880511522729242,0.0,0.5603881137316816
torch.bfloat16,4142,2048,4096,False,187.95068000000003,369.7311905016783,0.13489836801867383,0,115.64313829787235,600.9109549846809,0.21924552008172607,0.0,0.6152844900474547
torch.bfloat16,4142,2048,512,False,22.619797979798005,384.01773489568404,0.14011088882537853,0,47.66143157894736,182.2522592426051,0.0664956946320494,0.0,2.107067075555419
torch.bfloat16,4142,9216,2048,False,385.6952599999996,405.38549660164387,0.07092953125739743,0,237.73610101010104,657.6841457720244,0.11507374725068632,0.0,0.6163832581455662
torch.bfloat16,4345,1024,2048,False,54.074842105263144,337.0190308558704,0.20334247076663733,0,51.42240860215051,354.40290284725893,0.2138311350810618,0.0,0.9509488442342678
torch.bfloat16,4345,12288,2048,False,531.5206555555557,411.4440488327212,0.06408854226821203,0,292.31476767676764,748.1353484057349,0.11653322981501678,0.0,0.5499593752781529
torch.bfloat16,4345,2048,4096,False,188.72389000000004,386.2627223294305,0.1387515274298341,0,119.80407999999993,608.4684554983439,0.2185712540006986,0.0,0.6348114168269842
torch.bfloat16,4345,2048,512,False,22.959618556701038,396.8761683691177,0.14256404094503883,0,49.39870526315788,184.46081514601815,0.06626116985380186,0.0,2.151547297755096
torch.bfloat16,4345,9216,2048,False,407.9482599999999,402.0565204028571,0.06807953538029556,0,246.93856842105276,664.2067254570534,0.11246897630282131,0.0,0.6053183519426037
torch.bfloat16,48,1024,2048,False,9.329767441860458,21.57895073533079,0.23531733386509812,0,8.924979166666695,22.55765400012598,0.24599004199356128,0.0,0.956613251325261
torch.bfloat16,48,12288,2048,False,15.313620689655174,157.76276250802192,1.649781492698634,0,20.53023157894741,117.67617402218629,1.2305817351766712,0.0,1.340651697923811
torch.bfloat16,48,2048,4096,False,16.346783505154633,49.26390367536602,0.5251929835183063,0,11.113075,72.46476497279106,0.7725328948108421,0.0,0.6798325185193597
torch.bfloat16,48,2048,512,False,4.589869999999998,21.93162246425281,0.23380880068498683,0,8.114050632911384,12.406047306594294,0.13225847958690204,0.0,1.7678170913144355
torch.bfloat16,48,9216,2048,False,9.89740425531914,183.07217541672236,1.9169341284411576,0,20.93865263157894,86.53562193716785,0.906107586473166,0.0,2.115570112267156
torch.bfloat16,5105,1024,2048,False,60.076683673469375,356.4098517218216,0.20893616678683627,0,53.10253535353537,403.218448562729,0.23637651039507893,0.0,0.8839125615215363
torch.bfloat16,5105,12288,2048,False,623.4045909090905,412.1610055282209,0.05713923913851077,0,345.28368999999986,744.1505940810587,0.10316405040736217,0.0,0.5538677369964247
torch.bfloat16,5105,2048,4096,False,221.82699000000014,386.1012930843084,0.13207900445297474,0,123.96937500000003,690.8777888087278,0.23633811173122388,0.0,0.5588561382904756
torch.bfloat16,5105,2048,512,False,26.965239999999994,397.0282096506466,0.13581692579038795,0,52.42481632653057,204.21551681397204,0.06985882367596595,0.0,1.9441627935271697
torch.bfloat16,5105,9216,2048,False,470.3977613636361,409.6688230857239,0.062350228697893834,0,289.6133333333334,665.3951151420283,0.10127091754523271,0.0,0.6156775331876012
torch.bfloat16,512,1024,2048,False,9.46468041237114,226.89447022353306,0.33236494661650345,0,20.68952127659573,103.7957147142531,0.1520445039759567,1.9073486328125e-06,2.1859714618100337
torch.bfloat16,512,12288,2048,False,72.20812121212123,356.88234707419787,0.36303949694234,0,52.42428723404257,491.56231082272024,0.5000430407945966,0.0,0.7260164972308178
torch.bfloat16,512,2048,4096,False,27.989867346938762,306.8944373878741,0.3746269987644948,0,25.629769230769224,335.15458194947587,0.40912424554379384,0.0,0.9156802679013889
torch.bfloat16,512,2048,512,False,6.187449999999996,173.53543446815743,0.21183524715351248,0,17.03596000000001,63.02796108936622,0.07693842906416776,0.0,2.75330871360577
torch.bfloat16,512,9216,2048,False,55.594591836734715,347.64807499187805,0.35836118841393677,0,49.228340909090896,392.60621981332827,0.40470476217736745,0.0,0.8854879455480191
torch.bfloat16,5121,1024,2048,False,63.962233333333316,335.8080177104511,0.19675610659832082,0,52.823168421052564,406.6214016696427,0.23824697336754777,0.0,0.8258493437177133
torch.bfloat16,5121,12288,2048,False,627.6498571428571,410.65630219578753,0.05680497110650184,0,348.8323775510205,738.8888933347407,0.10220849409193752,0.0,0.5557754432366963
torch.bfloat16,5121,2048,4096,False,225.87080851063834,380.37727718123176,0.13000451095749704,0,133.9388387096774,641.4578770705166,0.21923606537793852,0.0,0.5929887070969997
torch.bfloat16,5121,2048,512,False,26.876840000000026,399.58251758763265,0.13656843587266942,0,54.31239999999996,197.73597543102508,0.06758176769945727,0.0,2.0207881581316816
torch.bfloat16,5121,9216,2048,False,474.7600795454546,407.17677282614056,0.06184634569130575,0,289.9716000000001,666.6558968395524,0.10125879913757069,0.000319312559440732,0.6107750261513669
torch.bfloat16,5123,1024,2048,False,64.02415625000003,335.6142532842827,0.19662978377790014,0,52.75515116279071,407.30466918186977,0.23863178708659108,0.0,0.8239882296424748
torch.bfloat16,5123,12288,2048,False,624.9384022988503,412.59911657772415,0.057057988225451065,0,347.0577741935483,742.9570863328419,0.10274291674594295,0.0,0.5553471716842625
torch.bfloat16,5123,2048,4096,False,230.91147,372.21917805988585,0.12720206579603863,0,134.63780612244892,638.3769911538178,0.2181587538145615,0.0,0.5830711056598831
torch.bfloat16,5123,2048,512,False,27.279639999999986,393.8361978383881,0.13458945939169292,0,53.78932653061219,199.73683235995932,0.06825800278258685,0.0,1.9717755267522672
torch.bfloat16,5123,9216,2048,False,476.2824375000002,406.0338137662276,0.06165726402624281,0,288.81999,669.5754491508707,0.10167672950892352,6.43882667645812e-05,0.6064048708493475
torch.bfloat16,5131,1024,2048,False,64.14831249999997,335.48776242555107,0.1965046235627789,0,52.4595287356322,410.2395569059366,0.24028885321339116,0.0,0.8177850155548865
torch.bfloat16,5131,12288,2048,False,626.8728913043473,411.96818281717435,0.05690804706161746,0,346.34691489361694,745.6445395719028,0.10300109649008299,0.0,0.5524994296259419
torch.bfloat16,5131,2048,4096,False,229.88985999999997,374.4571217538695,0.12790987823473382,0,135.2563608247424,636.4498850264254,0.2174033355673497,0.0,0.5883528783076487
torch.bfloat16,5131,2048,512,False,27.145249999999983,396.404045348634,0.13540667335905923,0,54.57566666666666,197.16638511668816,0.06734957581828287,0.0,2.0105052142333077
torch.bfloat16,5131,9216,2048,False,474.96507954545467,407.7957996435478,0.06186277110755054,0,287.1046363636363,674.6277833377823,0.10234128007178886,4.6481829485855997e-05,0.6044752524509753
torch.bfloat16,5427,1024,2048,False,65.29415625000003,348.6144720340113,0.20234043532800833,0,53.78382417582421,423.22181728073775,0.24564352205246548,0.0,0.8237157391221237
torch.bfloat16,5427,12288,2048,False,659.825340425532,413.9729667245597,0.054984732742459144,0,362.8720515463916,752.7442593938072,0.09998102594396614,0.0,0.5499516755636721
torch.bfloat16,5427,2048,4096,False,241.42196,377.14030335931324,0.12682193450836038,0,141.47908247422666,643.557688102668,0.2164107899524838,0.0,0.5860240819610057
torch.bfloat16,5427,2048,512,False,28.22964999999999,403.1663128660824,0.13557376729785886,0,56.80213684210533,200.36647451550633,0.0673777469083353,0.0,2.012144565806
torch.bfloat16,5427,9216,2048,False,497.6488426966295,411.66053790440674,0.060261094625475575,0,307.74656000000004,665.6853947352001,0.09744662621086649,8.073540084296837e-05,0.6184010362254668
torch.bfloat16,6113,1024,2048,False,70.57523000000003,363.29715612687323,0.20710631761313414,0,56.19704761904762,456.2478179602724,0.260095087184719,0.0,0.7962715476669023
torch.bfloat16,6113,12288,2048,False,742.7948352941175,414.2158098099482,0.05073439691469869,0,407.51615463917483,755.00654568265,0.09247547016477783,0.0,0.5486254552077149
torch.bfloat16,6113,2048,4096,False,263.89737,388.63260140864605,0.12666839385326195,0,145.6378865979383,704.2063284750512,0.2295244512321371,0.0,0.5518732020631288
torch.bfloat16,6113,2048,512,False,31.741280000000007,403.8869943493141,0.13164031192188844,0,59.840874999999954,214.23300003551103,0.06982571695350383,0.0,1.8852697496761297
torch.bfloat16,6113,9216,2048,False,559.7894659090906,412.22287524337753,0.056081426878972974,0,340.32364999999993,678.0546199713127,0.09224687147073089,0.00022226794681046158,0.6079493644049176
torch.bfloat16,6197,1024,2048,False,75.43284090909094,344.57275604036687,0.1960499938988473,0,63.86216666666669,407.0031326006789,0.2315707213190908,0.0,0.8466095920161772
torch.bfloat16,6197,12288,2048,False,751.5342117647064,415.0246492752517,0.05037332886164406,0,415.79335051546366,750.1448069559738,0.09104830549374565,0.0,0.5532593779584875
torch.bfloat16,6197,2048,4096,False,267.32186206896546,388.92594398125783,0.1263328024824524,0,158.51236363636366,655.9009352135422,0.21305290783168043,5.547038745135069e-05,0.5929644601812237
torch.bfloat16,6197,2048,512,False,31.69827272727273,409.99240103131507,0.13317571074994047,0,61.852909090909066,210.11220223933034,0.06824965974996403,0.0,1.951302193122079
torch.bfloat16,6197,9216,2048,False,568.0867555555561,411.7837895432556,0.055565146857068405,0,344.22473737373724,679.5819463085679,0.09170120730087984,3.211259172530845e-05,0.6059369172180493
torch.bfloat16,64,1024,2048,False,9.363340425531913,28.66877031065019,0.23797319105520176,0,9.009068965517235,29.796137317568906,0.24733121796810129,0.0,0.9621639880732467
torch.bfloat16,64,12288,2048,False,15.56146511627907,207.00014092055062,1.6256114582383736,0,20.74696808510639,155.26246817299628,1.2193056786046663,0.0,1.333227169169482
torch.bfloat16,64,2048,4096,False,16.216876288659797,66.21138404754623,0.5334413265549379,0,11.547313953488384,92.98628480397626,0.7491570797195353,7.62939453125e-06,0.7120553766302846
torch.bfloat16,64,2048,512,False,4.586969696969695,29.260652863843575,0.23574256457686474,0,8.232695121951219,16.303012077069273,0.13134750940998194,0.0,1.7948004163598488
torch.bfloat16,64,9216,2048,False,15.292776470588231,157.97779485277945,1.2427723661921124,0,21.008214285714278,114.99878433945909,0.9046670860037744,0.0,1.3737344769354498
torch.bfloat16,6409,1024,2048,False,75.6465,355.3541054245735,0.20123580073103184,0,65.73735955056175,408.9195933603678,0.23156975126589058,0.0,0.8690072845480193
torch.bfloat16,6409,12288,2048,False,779.4841279069765,413.8320723709413,0.04912409968220635,0,426.31005,756.668842388304,0.08982067394376465,0.0,0.5469130604938703
torch.bfloat16,6409,2048,4096,False,278.5439662921347,386.02587151799383,0.1243605182374332,0,163.3915959595959,658.0826676703081,0.21200522460510074,0.0,0.586591761920386
torch.bfloat16,6409,2048,512,False,32.99649,407.3356641266995,0.13122559399499764,0,63.78287755102035,210.725004641704,0.06788630689382769,0.0,1.9330200742873058
torch.bfloat16,6409,9216,2048,False,587.489272727273,411.80607077452225,0.05446907966752814,0,356.0434387755102,679.5003717974449,0.08987667378467377,0.0006325875292532146,0.6060424509926232
torch.bfloat16,667,1024,2048,False,14.79136734693878,189.13740037556374,0.2341344054792025,0,20.470175824175843,136.66715870099935,0.16918115553799506,0.0,1.3839272153843405
torch.bfloat16,667,12288,2048,False,93.27464999999997,359.91782564716146,0.2844485613186435,0,69.68564210526321,481.7521687651126,0.38073610572350747,0.0,0.747101619842725
torch.bfloat16,667,2048,4096,False,38.21913402061854,292.79583011909625,0.2909704859874798,0,30.99772527472529,361.00723433162216,0.3587566475101149,0.0,0.8110525282441662
torch.bfloat16,667,2048,512,False,7.375826530612247,189.64659461478544,0.1884643021674499,0,13.156730000000014,106.3182404746467,0.10565543261889532,0.0,1.783763479983566
torch.bfloat16,667,9216,2048,False,71.05123000000005,354.3697542181885,0.2848702830338051,0,57.888633333333324,434.9456095641114,0.3496434936277071,0.0,0.8147449851794725
torch.bfloat16,671,1024,2048,False,14.774552083333328,190.48821027710238,0.23495534622101497,0,20.529920454545405,137.08664825230173,0.16908784462588736,0.0,1.3895460477414077
torch.bfloat16,671,12288,2048,False,93.08864000000001,362.79975524403403,0.28510494943314235,0,69.99034408602154,482.53135841841146,0.3791956211471258,0.0,0.751867726137384
torch.bfloat16,671,2048,4096,False,37.91326086956517,296.92808473345946,0.29375009546963643,0,30.722929411764717,366.42052537116354,0.36249876601074715,0.0,0.8103478494625482
torch.bfloat16,671,2048,512,False,7.363898989898986,191.09292426881908,0.18904767731192038,0,13.234319999999979,106.32877185983128,0.10519074648338579,0.0,1.7971892360491926
torch.bfloat16,671,9216,2048,False,71.17362999999999,355.8818323022165,0.2844954795757924,0,57.69708695652166,439.00659794293045,0.3509462447429722,0.0,0.8106525823752655
torch.bfloat16,7121,1024,2048,False,81.81178494623656,365.07746168388604,0.2038943412732293,0,67.34272340425535,443.51694250180384,0.24770248598152086,0.0,0.8231420870295191
torch.bfloat16,7121,12288,2048,False,863.1634767441865,415.2303417191753,0.04605110511618704,0,469.72731313131294,763.0207045418402,0.08462278196049446,0.0,0.5441927581355771
torch.bfloat16,7121,2048,4096,False,305.06094,391.62848949459084,0.12311056276165673,0,166.51324242424243,717.4838072734956,0.22554496839545202,0.0,0.5458359973067756
torch.bfloat16,7121,2048,512,False,36.08773,413.81986043455765,0.13008654188002405,0,66.49409278350505,224.58866294517784,0.07060067749603999,0.0,1.842567897274366
torch.bfloat16,7121,9216,2048,False,650.096261904762,413.49068562307787,0.05146649498024889,0,395.1864166666665,680.2074608822801,0.08466428649601447,0.0002381027297815308,0.6078890770864956
torch.bfloat16,7168,1024,2048,False,80.4652886597938,373.6365279084931,0.20850252673465017,0,66.95947058823529,448.9995337161813,0.25055777551126185,0.0,0.8321534875906438
torch.bfloat16,7168,12288,2048,False,863.3881666666663,417.86216998650104,0.04615060703673456,0,468.5124199999997,770.0484287353582,0.08504766639911068,0.0,0.5426440135365919
torch.bfloat16,7168,2048,4096,False,301.24089999999995,399.2123389884973,0.1253107927907532,0,165.37505050505047,727.1900079288401,0.22826137246650258,0.0,0.548979406531618
torch.bfloat16,7168,2048,512,False,36.51252000000002,411.7049586278896,0.1292321647478727,0,67.64831958762888,222.21373165859148,0.06975179913948533,0.0,1.8527431025749204
torch.bfloat16,7168,9216,2048,False,650.8500117647058,415.7377809894251,0.051554784348887044,0,394.9941599999999,685.0302284165418,0.08494918507149575,0.00011238220031373203,0.6068896871170336
torch.bfloat16,7169,1024,2048,False,85.53657,351.533447927594,0.1961647982845232,0,67.21999999999993,447.3217104433209,0.24961713775662034,0.0,0.7858627017660391
torch.bfloat16,7169,12288,2048,False,868.0688089887639,415.66703097227685,0.04590412140993742,0,469.7769787234043,768.0827304320683,0.08482309224322741,0.0,0.5411748168565805
torch.bfloat16,7169,2048,4096,False,311.33899,386.3180178749857,0.12125956983415408,0,174.9457700000001,687.5036847361324,0.21579734108461143,0.0,0.5619141052651326
torch.bfloat16,7169,2048,512,False,36.12253000000001,416.20790924666665,0.13064156912597202,0,67.84005102040817,221.6166182345177,0.0695622118353119,0.0,1.8780536972467916
torch.bfloat16,7169,9216,2048,False,659.0301304347824,410.63477356560804,0.050917975446527396,0,394.82873469387755,685.4128501914134,0.08498996413221378,0.00026738509768620133,0.5991057410886462
torch.bfloat16,7172,1024,2048,False,86.10857000000001,349.34441819205676,0.19493307112172456,0,67.3872584269663,446.3981617623176,0.24908875048228699,0.0,0.7825848045899065
torch.bfloat16,7172,12288,2048,False,868.0748809523807,415.8380657898589,0.04591087805268062,0,477.5091818181813,755.9615462922093,0.08346243699074049,0.0,0.5500783311392414
torch.bfloat16,7172,2048,4096,False,312.03739999999993,385.61465116681535,0.12102754349318386,0,176.7747373737372,680.6752760017192,0.21363414569898057,0.0,0.566517787206717
torch.bfloat16,7172,2048,512,False,36.98573000000002,406.6642498066144,0.12763409022885305,0,67.91385416666671,221.46842243835238,0.06950923427810657,0.0,1.8362177565960351
torch.bfloat16,7172,9216,2048,False,657.5101839080457,411.75626053856337,0.05104502534168171,0,390.57468750000004,693.1681526135766,0.08593138540243983,0.0,0.5940207422773892
torch.bfloat16,7176,1024,2048,False,86.075693877551,349.67276066129745,0.19510269674840067,0,67.36159999999998,446.8172594475192,0.24930524215576833,0.0,0.7825856169783169
torch.bfloat16,7176,12288,2048,False,868.1166666666668,416.04996184998174,0.045918104709428455,0,479.04853000000026,753.9526445222571,0.08321134395298109,0.0,0.5518250580759116
torch.bfloat16,7176,2048,4096,False,308.6341789473686,390.0841521396458,0.12241516519284432,0,175.1077395833331,687.5384394914497,0.21576147399252976,0.0,0.5673634079691292
torch.bfloat16,7176,2048,512,False,36.30235353535354,414.550608608452,0.13009316311684163,0,67.78658163265305,222.00799021779792,0.06966995364352557,0.0,1.8672778768086804
torch.bfloat16,7176,9216,2048,False,656.4268292682932,412.6658409711108,0.05114174878778304,0,395.0672187500004,685.6679488444641,0.08497494706399243,0.0001001602504402399,0.6018450208538467
torch.bfloat16,7177,1024,2048,False,85.67462365591402,351.3586465100516,0.1960399390542361,0,67.22853608247424,447.7640234657349,0.24982914962472977,0.0,0.7846960186539849
torch.bfloat16,7177,12288,2048,False,867.8216627906987,416.24938992001347,0.04593607386085092,0,473.53783838383873,762.8328898253642,0.08418402241319291,0.0,0.5456626155897731
torch.bfloat16,7177,2048,4096,False,311.7253900000002,386.2697203843419,0.121214380387815,0,177.88901041666688,676.8831809787755,0.21241109786093773,0.0,0.5706593563542154
torch.bfloat16,7177,2048,512,False,36.96373999999998,407.18985427340436,0.12777927774624545,0,67.99033333333335,221.37352717788306,0.06946869898171797,0.0,1.8393791681613763
torch.bfloat16,7177,9216,2048,False,655.7634146341463,413.14088621907814,0.05119661031826618,0,393.3997499999997,688.6701841371282,0.08534032876228322,0.0,0.5999110978453707
torch.bfloat16,7178,1024,2048,False,86.27976842105265,348.94291747604905,0.19468870057724086,0,66.98895454545452,449.42803356591367,0.2507532191534969,0.0,0.7764155580314344
torch.bfloat16,7178,12288,2048,False,867.9619638554225,416.2400939082844,0.04593100810883067,0,474.2108899999997,761.8563321985292,0.08406885805595908,0.0,0.546349851430805
torch.bfloat16,7178,2048,4096,False,311.1145151515151,387.0820890158443,0.12146555097757536,0,178.3747676767676,675.1339217788088,0.21185561440213674,0.0,0.5733411942862832
torch.bfloat16,7178,2048,512,False,36.46452999999999,412.82191367885457,0.12954265419025013,0,68.05719387755109,221.186860614384,0.06940797483509137,0.0,1.8663943804445335
torch.bfloat16,7178,9216,2048,False,656.3253604651165,412.8446702348651,0.051155896179612116,0,389.7833199999997,695.1565475095244,0.08613737499080265,3.7731027987319976e-05,0.5938873361891317
torch.bfloat16,7179,1024,2048,False,85.73266666666666,351.2186146393052,0.1959549918739648,0,66.88605882352947,450.1821298133873,0.2511695904272673,0.0,0.7801700498082739
torch.bfloat16,7179,12288,2048,False,867.7114186046518,416.41828520944034,0.04594663057922131,0,472.6916700000006,764.4113994900725,0.08434338603851417,0.0,0.5447567703558932
torch.bfloat16,7179,2048,4096,False,311.791,386.29605621714546,0.12121514732625381,0,176.99449999999996,680.4936518592388,0.2135308837280255,0.0,0.5676703304457151
torch.bfloat16,7179,2048,512,False,36.62092999999998,411.1161078650927,0.12900338686101098,0,68.28917525773198,220.46618883855035,0.06917969037069464,0.0,1.8647580839080826
torch.bfloat16,7179,9216,2048,False,657.9860112359555,411.8600868656148,0.05102989946082488,0,388.7556666666669,697.0912554603702,0.0863703422972612,7.73862029745942e-06,0.590826643770787
torch.bfloat16,7183,1024,2048,False,86.05202040816326,350.1101483625591,0.19532296766858395,0,66.8334069767441,450.7878169742787,0.25149003709849216,0.0,0.7766628448668476
torch.bfloat16,7183,12288,2048,False,868.7582359550564,416.1482592295139,0.04590069636135564,0,474.94089000000037,761.2152063470461,0.08396120199294689,0.0,0.5466893668960515
torch.bfloat16,7183,2048,4096,False,312.225,385.97403323885015,0.1210991304347826,0,176.33638043478274,683.4139513971162,0.21442073329833336,0.0,0.5647734179991439
torch.bfloat16,7183,2048,512,False,37.00973000000001,407.02385064684324,0.1277034985124182,0,68.02904081632659,221.4325328600659,0.0694743295405353,0.0,1.8381393437976057
torch.bfloat16,7183,9216,2048,False,656.5860588235296,412.9682119261638,0.05115118048680146,0,394.94534000000044,686.5486011000908,0.08503746872921697,0.0002551718498580158,0.6015134416768811
torch.bfloat16,7184,1024,2048,False,84.81893877551022,355.24943333410323,0.19818668144965695,0,66.8639886363636,450.6443685235515,0.2514056421524633,0.0,0.7883143741438704
torch.bfloat16,7184,12288,2048,False,863.9831022727274,418.5065174085567,0.046156754565104666,0,474.42248000000006,762.15309028358,0.0840572647400688,0.0,0.5491108318577306
torch.bfloat16,7184,2048,4096,False,309.66617999999994,389.21757533870834,0.12211301860603573,0,176.7503298969073,681.9083156127616,0.2139417336423408,0.0,0.570776989262784
torch.bfloat16,7184,2048,512,False,36.28092999999998,415.257821891556,0.1302828786362423,0,68.08008247422678,221.29732251284423,0.06942976312917112,0.0,1.876470158681898
torch.bfloat16,7184,9216,2048,False,653.7441609195405,414.8211726167545,0.05137667302872284,0,397.0520102040812,683.000998495417,0.08459143673076099,0.0,0.6073507557537456
torch.bfloat16,7209,1024,2048,False,85.52906060606061,353.5258930910954,0.19713982452889484,0,67.18891304347827,450.02569868087704,0.2509518793538012,0.0,0.7855682333861298
torch.bfloat16,7209,12288,2048,False,870.0510235294124,417.0339906734608,0.045893694645656784,0,474.9616900000003,763.9370881302021,0.08406963517415472,0.0,0.545900961156612
torch.bfloat16,7209,2048,4096,False,310.7099489795918,389.2599852087263,0.12203237174903099,0,179.388806122449,674.2168185312679,0.21136587516011704,0.0,0.5773513423422167
torch.bfloat16,7209,2048,512,False,37.09333999999999,407.57636729396717,0.127774527718453,0,69.34782653061227,218.00782409995628,0.06834509799536113,0.0,1.869549264924978
torch.bfloat16,7209,9216,2048,False,654.5912307692306,415.7260669444209,0.05138840610570121,0,393.48218556701,691.5958277294262,0.08548900365470645,0.0001958814391400665,0.6011112998024993
torch.bfloat16,7210,1024,2048,False,85.56517708333331,353.42569104424183,0.19708054812504655,0,66.84212499999995,452.42325614273966,0.2522844987348923,0.0,0.7811837394422888
torch.bfloat16,7210,12288,2048,False,870.7575,416.75343833386444,0.04585881143716821,0,472.2929797979801,768.3603136240223,0.08454901027129513,0.0,0.5423932378394445
torch.bfloat16,7210,2048,4096,False,312.87020000000007,386.6259150280211,0.12120287582518244,0,179.2352886597937,674.8878988311343,0.2115697655497817,0.0002274130965815857,0.5728742739314695
torch.bfloat16,7210,2048,512,False,36.92533000000004,409.48763139015915,0.12836976676985676,0,68.68296907216504,220.14869369017757,0.0690141393715754,0.0,1.8600502438885438
torch.bfloat16,7210,9216,2048,False,655.0625348837209,415.48458668654007,0.05135455961616163,0,391.2345299999997,695.6655552872601,0.08598537557510587,7.759525760775432e-05,0.5972476048709565
torch.bfloat16,7211,1024,2048,False,85.31612499999993,354.5065618486543,0.1976798641522926,0,67.09109302325577,450.80687735279764,0.25137882303026415,0.0,0.7863823283494864
torch.bfloat16,7211,12288,2048,False,870.8407558139534,416.7713916751261,0.0458567789040543,0,472.71176288659774,767.7860849319899,0.08447843936893959,0.0,0.5428222780464216
torch.bfloat16,7211,2048,4096,False,310.79458999999997,389.26193849127174,0.12202549600364666,0,179.5323645833333,673.8645973765061,0.21124249150295388,0.0,0.5776560157734191
torch.bfloat16,7211,2048,512,False,36.51813000000001,414.11110240310757,0.12981519042733017,0,68.91226804123706,219.44660220660086,0.06879193117201168,0.0,1.8870700126550026
torch.bfloat16,7211,9216,2048,False,655.7472619047616,415.1083063699232,0.05130405867388299,0,396.2896804123711,686.886761756571,0.08489369686586916,0.00010900350753217936,0.6043329548357715
torch.bfloat16,7217,1024,2048,False,85.98204123711335,352.05365600152913,0.19629178090174199,0,67.14134065934076,450.84431842944997,0.2513737115502769,0.0,0.7808763282809785
torch.bfloat16,7217,12288,2048,False,871.7528488372096,416.68175114140837,0.04582289585090823,0,477.0952999999996,761.3646657512667,0.08372800989655534,0.0,0.5472827540929459
torch.bfloat16,7217,2048,4096,False,308.45910000000003,392.5355675095985,0.1230290822997279,0,179.34294845360833,675.1376004243666,0.21160263242698163,0.0,0.5814156510655977
torch.bfloat16,7217,2048,512,False,37.24613999999999,406.35475203605,0.12736031169941373,0,68.58440206185573,220.67912716290408,0.06916558076458425,0.0,1.8413828134098122
torch.bfloat16,7217,9216,2048,False,656.6137777777774,414.9054389842569,0.05125506825930484,0,396.91691919191896,686.3719195106224,0.0847904999074305,0.0,0.6044906954819497
torch.bfloat16,7273,1024,2048,False,86.0169081632653,354.64158900130815,0.19754553334732364,0,67.00737777777782,455.2509589789778,0.253587837093892,0.0,0.7790023985818435
torch.bfloat16,7273,12288,2048,False,877.8121318681319,417.0164236907484,0.04563724576777448,0,476.1008900000005,768.8750086226463,0.08414377885325935,0.0,0.5423721918570181
torch.bfloat16,7273,2048,4096,False,312.8274,390.05755879440227,0.12204434777772023,0,182.2133265306122,669.6584398699306,0.20952812138900215,0.0,0.5824724002137031
torch.bfloat16,7273,2048,512,False,37.155730000000005,410.5042881945799,0.12844188500670017,0,70.31111224489794,216.92995614795996,0.06787479030878651,0.0,1.8923356436516772
torch.bfloat16,7273,9216,2048,False,661.4403218390806,415.0738137110326,0.05105445024292857,0,398.6975555555555,688.608578363215,0.08469947088826452,5.76475758862216e-05,0.6027717730407024
torch.bfloat16,7274,1024,2048,False,86.23336999999998,353.80001148047455,0.19707340673337947,0,67.12403448275873,454.5222516956507,0.25317763050081715,0.0,0.7783997596610076
torch.bfloat16,7274,12288,2048,False,879.260372093023,416.3867941420957,0.04556440534745431,0,477.7891919191922,766.2634771653019,0.08385073726568473,0.0,0.5433989829222551
torch.bfloat16,7274,2048,4096,False,308.5726704545456,395.4902065832067,0.12374042051019729,0,182.20791919191925,669.7703904705601,0.20955681931575112,0.0,0.5904862505273598
torch.bfloat16,7274,2048,512,False,36.79852999999999,414.5460062670982,0.12970257235818933,0,70.31803030303027,216.9384378695064,0.0678753938276101,0.0,1.9108923726852753
torch.bfloat16,7274,9216,2048,False,662.8944999999999,414.2202200561327,0.050945542616509874,0,401.0571818181814,684.6512619950597,0.08420624671748246,3.3802138204919174e-05,0.605009065270841
torch.bfloat16,7391,1024,2048,False,85.7648045977012,361.454806658895,0.20094396624395655,0,67.13971764705886,461.72521944405287,0.2566874065600863,0.0,0.7828353129467567
torch.bfloat16,7391,12288,2048,False,894.3094285714279,415.9647639656843,0.045065601135816556,0,483.3298484848482,769.663225919435,0.08338527431389009,0.0,0.5404503553729949
torch.bfloat16,7391,2048,4096,False,317.12504,391.0142303994664,0.12191451044042438,0,181.63821874999994,682.6779314912217,0.21285247271232677,0.0,0.5727653002424531
torch.bfloat16,7391,2048,512,False,37.17173999999999,416.98479629955455,0.13001188537313563,0,70.918052631579,218.56283212573726,0.06814580802304804,0.0,1.9078486138012107
torch.bfloat16,7391,9216,2048,False,673.4409999999998,414.2915381985951,0.05050351255715053,0,405.12681443299,688.67549082498,0.08395182641169167,7.181923865573481e-05,0.6015772939767405
torch.bfloat16,7393,1024,2048,False,86.082630952381,360.2177248643017,0.20024964164415107,0,67.7954239130435,457.38322267550745,0.2542651849497985,0.0,0.7875621732628785
torch.bfloat16,7393,12288,2048,False,895.4002808988768,415.5704231971576,0.04501527290067054,0,489.42942000000045,760.2768825462099,0.0823544444876239,0.0,0.5466040500999964
torch.bfloat16,7393,2048,4096,False,315.44822999999997,393.19909288443307,0.1225885337825481,0,183.89637113402065,674.4774631665031,0.21028330119585498,0.0,0.5829684672315982
torch.bfloat16,7393,2048,512,False,37.066930000000006,418.2770123125923,0.13040713110041752,0,70.96487234042556,218.47773728986076,0.06811527789145902,0.0,1.9145063359826548
torch.bfloat16,7393,9216,2048,False,675.4497647058822,413.1712228362697,0.050359380930144505,0,412.33167676767613,676.82504394452,0.08249483102207915,5.5332231568172574e-05,0.610454986163511
torch.bfloat16,7715,1024,2048,False,91.26542,354.5598690062457,0.1961035406400365,0,68.97164893617017,469.16458949599274,0.2594902728302642,0.0,0.7557259796335805
torch.bfloat16,7715,12288,2048,False,937.0135384615388,414.4109432586803,0.0437199061896815,0,508.11677777777845,764.2114594567162,0.08062348222226245,0.0,0.5422726107160029
torch.bfloat16,7715,2048,4096,False,329.8313793103449,392.4314954830628,0.12124149037491463,0,185.06110204081648,699.4242442771791,0.2160867278915269,0.0,0.5610779132894108
torch.bfloat16,7715,2048,512,False,38.68294,418.26003090768177,0.1292212019045088,0,72.4612105263158,223.28536278212007,0.06898388756815806,0.0,1.8732084615677038
torch.bfloat16,7715,9216,2048,False,705.5831521739129,412.75290848812233,0.04914330492893252,0,426.7563469387759,682.4303852281807,0.08125172185189448,0.0002070844202535227,0.6048278585223199
torch.bfloat16,7753,1024,2048,False,91.67641489361702,354.7088850467701,0.1960732869065491,0,68.80773626373623,472.59858669610395,0.2612394619567441,0.0,0.7505500334364295
torch.bfloat16,7753,12288,2048,False,939.5014725274729,415.34928720677357,0.04368696505560804,0,508.54985858585815,767.3215523628332,0.08070785451426996,0.0,0.5412975641408451
torch.bfloat16,7753,2048,4096,False,331.28675000000004,392.63192882902797,0.12117869489196292,0,186.03146,699.2030038790213,0.21579627445809432,0.0,0.5615421081585665
torch.bfloat16,7753,2048,512,False,38.85294999999997,418.4809507643567,0.1291565247941277,0,72.414556701031,224.52971055429396,0.06929700641153762,0.0,1.8638110285327383
torch.bfloat16,7753,9216,2048,False,709.5602441860467,412.46103147129395,0.04897753543092796,0,426.3745757575754,686.4057259699313,0.08150699871879627,0.00019185002020094544,0.6008997534052655
torch.bfloat16,7819,1024,2048,False,92.05492857142858,356.2575462817619,0.19673540875052084,0,69.11335106382973,474.51414916507076,0.26204002151876643,0.0,0.750783821533274
torch.bfloat16,7819,12288,2048,False,947.1355730337079,415.50878978335453,0.043477551865253886,0,516.8436499999997,761.4356018730234,0.07967426125869985,0.0,0.5456913083145337
torch.bfloat16,7819,2048,4096,False,335.55547959183696,390.9369981487593,0.12044277163692957,0,187.23427999999996,700.6251841489712,0.21585380625812756,0.0,0.5579830799596777
torch.bfloat16,7819,2048,512,False,39.93736000000002,410.5837613703057,0.1264956922540698,0,72.89538144329903,224.9474680471319,0.06930348535084592,0.0,1.825242866411275
torch.bfloat16,7819,9216,2048,False,714.2431573033704,413.244934537936,0.04884566221357816,0,432.0696899999999,683.1244440775284,0.08074549270049469,0.00012769931345246732,0.6049336078084133
torch.bfloat16,8,1024,2048,False,9.191077777777778,3.6507614026646613,0.2299551860076862,0,8.06748,4.159220971108699,0.2619821803090928,0.0,0.877751249097857
torch.bfloat16,8,12288,2048,False,9.627137931034483,41.82480679974354,2.615752280729404,0,20.648876404494377,19.50000455774725,1.2195437420759083,0.0,2.144861385846536
torch.bfloat16,8,2048,4096,False,16.346222222222224,8.21093254302727,0.5151879061420919,0,10.41103370786518,12.89187334957941,0.8088895143657002,0.0,0.6369076332335477
torch.bfloat16,8,2048,512,False,4.3553402061855575,3.8521022941382626,0.24169684804529626,0,7.689371794871786,2.1818708273657808,0.13689961001782364,0.0,1.765504284590939
torch.bfloat16,8,9216,2048,False,9.337494252873562,32.341641110736354,2.0231072157486443,0,20.21858333333336,14.936253595083711,0.934326193312257,0.0,2.1653114621314176
torch.bfloat16,80,1024,2048,False,9.231680412371135,36.3470468009644,0.2449166239518109,0,9.431719101123576,35.576157050736114,0.23972215200203045,0.0,1.021668718999888
torch.bfloat16,80,12288,2048,False,16.773822222222233,240.0485582031259,1.5100710896078802,0,21.356295454545435,188.540744277023,1.1860513942556867,0.0,1.2731919518171755
torch.bfloat16,80,2048,4096,False,16.40795,81.80042479407848,0.5312234617974824,0,13.997940000000014,95.88391434739673,0.6226836234474495,0.0,0.853119372011739
torch.bfloat16,80,2048,512,False,4.633449999999991,36.20890696996845,0.23514573374051778,0,8.557896907216477,19.604367967850315,0.12731352244746544,0.0,1.8469816027401815
torch.bfloat16,80,9216,2048,False,15.869505747126436,190.29571103982408,1.1996723970718077,0,20.349390243902434,148.40242600904926,0.9355665094537502,0.0,1.282295149462181
torch.bfloat16,8099,1024,2048,False,92.53598989898995,367.0968250632048,0.20190959236935702,0,70.11807954545442,484.4637548006285,0.2664634302753266,0.0,0.7577384715070712
torch.bfloat16,8099,12288,2048,False,977.5955609756097,416.9781793456509,0.042709457434864206,0,534.4640808080809,762.7004915572181,0.07812045280362406,0.0,0.5467128761046158
torch.bfloat16,8099,2048,4096,False,343.85271276595734,395.16533486384196,0.1208718455808408,0,188.1376666666666,722.2300286350601,0.22091329576037413,0.0,0.5471460880831327
torch.bfloat16,8099,2048,512,False,40.16536000000002,422.87269547689823,0.12934687999808783,0,74.3782727272727,228.35746818535725,0.06984921549670543,0.0,1.8518014709011115
torch.bfloat16,8099,9216,2048,False,735.8099277108438,415.49726546247905,0.048193315507881265,0,448.2950699999999,681.9771916385341,0.07910218597764193,0.00013118903734721243,0.6092539025596967
torch.bfloat16,8129,1024,2048,False,93.43571134020618,364.908627835623,0.20062290671440222,0,70.45544444444441,483.9299146410894,0.2660595522150328,0.0,0.7540526361265774
torch.bfloat16,8129,12288,2048,False,979.6124302325587,417.66106060421185,0.042684244002572945,0,532.7465999999995,767.9935762931201,0.0784876261997731,0.0,0.5438340547327744
torch.bfloat16,8129,2048,4096,False,347.66890999999976,392.27548089934214,0.11989853219834937,0,188.0448659793814,725.2630278082354,0.2216757781867368,0.0,0.5408734015917084
torch.bfloat16,8129,2048,512,False,40.18965656565655,424.1824903417535,0.12965087152430804,0,74.2241836734694,229.67916606529855,0.0702011627763106,0.0,1.846847920987126
torch.bfloat16,8129,9216,2048,False,742.0479651162789,413.53051200122235,0.04787097555672647,0,450.3530300000003,681.3753977496273,0.07887714222773183,4.3594991439022124e-05,0.6069055521625614
torch.bfloat16,8188,1024,2048,False,91.46279787234047,375.4855739262898,0.20627158187673783,0,70.62459782608703,486.27478540224035,0.26713321676475854,0.0,0.7721674764931372
torch.bfloat16,8188,12288,2048,False,987.4152906976742,417.3679886330433,0.04246931194509886,0,529.9242244897957,777.6876669881992,0.07913366866814654,0.0,0.5366781631620969
torch.bfloat16,8188,2048,4096,False,345.4733,397.6337523276039,0.12136004721638402,0,188.09668000000005,730.3257272164504,0.22289950040585507,0.0,0.5444608309817287
torch.bfloat16,8188,2048,512,False,40.97896000000001,419.0316341849573,0.12789080054740284,0,74.82271717171722,229.49554928073067,0.0700433263867223,1.1449682460806798e-05,1.8258813101093148
torch.bfloat16,8188,9216,2048,False,743.3331625000006,415.81173282848084,0.04795076258958105,0,450.52984999999995,686.0514355885632,0.07911438498470191,7.394586646114476e-06,0.6060941079027933
torch.bfloat16,8192,1024,2048,False,91.05355555555555,377.3574591168568,0.20728864331370306,0,70.79141111111103,485.3659198016337,0.26661946278165916,0.0,0.777470035949538
torch.bfloat16,8192,12288,2048,False,984.0230595238086,419.0113802978658,0.04262404177834735,0,531.6321899999998,775.5678985804078,0.07889484645389892,7.953246677061543e-05,0.540263955051286
torch.bfloat16,8192,2048,4096,False,339.2549583333333,405.1199550544521,0.12363279878370728,0,187.5010799999999,733.0035297503357,0.22369492485056633,0.0,0.5526848625032375
torch.bfloat16,8192,2048,512,False,41.00817,418.93771860582905,0.12784964557062653,0,74.61766326530606,230.2386383089523,0.0702632563198707,0.0,1.8195804217868308
torch.bfloat16,8192,9216,2048,False,740.7238068181821,417.48036510443285,0.04813073870697264,0,445.82559375000005,693.6291896364461,0.07996755794148482,0.0004716979165095836,0.6018783109794557
torch.bfloat16,931,1024,2048,False,15.367479166666675,254.10133839452618,0.26053980334553883,0,20.71095555555555,188.54258141423813,0.1933199069091721,0.0,1.3477132671491963
torch.bfloat16,931,12288,2048,False,129.5221599999999,361.78183168038606,0.20901837955759864,0,83.58644565217395,560.6024268933761,0.32388638838234757,0.0,0.6453447475873937
torch.bfloat16,931,2048,4096,False,49.697849999999995,314.2910225693868,0.24552337777187547,0,33.27351578947367,469.4300474535779,0.36671760439154405,0.0,0.6695162021993643
torch.bfloat16,931,2048,512,False,8.625490000000008,226.35798221318421,0.17683030181473733,0,20.32129487179488,96.07894203188391,0.07505663441343895,0.0,2.3559583133010253
torch.bfloat16,931,9216,2048,False,98.76069000000003,355.8508270446469,0.21041829497141012,0,74.0455934065933,474.6274774653996,0.2806521636728429,0.0,0.7497476314370959
torch.bfloat16,96,1024,2048,False,9.32832631578947,43.16456890218928,0.24589191269150792,0,9.617741935483876,41.86566729498573,0.23849257085359707,0.0,1.0310254605056568
torch.bfloat16,96,12288,2048,False,20.815999999999995,232.1213589546503,1.21841045349731,0,22.297868131868128,216.69507503698676,1.1374375276599646,0.0,1.0711888994940495
torch.bfloat16,96,2048,4096,False,16.393484848484846,98.2471238352265,0.5356898841927226,0,14.522777777777783,110.90252571822039,0.6046931333919894,5.086263172415784e-06,0.8858871626138746
torch.bfloat16,96,2048,512,False,4.624239999999993,43.53722817154826,0.2373856028233832,0,8.671235955056153,23.217750392619347,0.12659417938684053,0.0,1.8751699641576054
