cu_num,token,model_dim,inter_dim,expert,topk,act_type,dtype,q_dtype_a,q_dtype_w,q_type,use_g1u1,doweight_stage1,block_m,ksplit,us1,kernelName1,err1,us2,kernelName2,err2,us,run_1stage,xbf16,flat,tflops,bw,_tag
256,1,4096,512,512,10,ActivationType.Silu,torch.bfloat16,torch.float4_e2m1fn_x2,torch.float4_e2m1fn_x2,QuantType.per_1x32,1,0,64,0,15.1895,flydsl_moe1_afp4_wfp4_bf16_t64x64x256_w2_fp4,0.8%,7.6031,moe_ck2stages_gemm2_256x64x128x128_1x4_MulABScaleExpertWeightShuffled_v3_Nswizzle0_Quant3_MulRoutedWeight1_FP4X2_FP4X2_B16,0.5%,22.7926,0,0,0,5.52,141328.23,
256,2,4096,512,512,10,ActivationType.Silu,torch.bfloat16,torch.float4_e2m1fn_x2,torch.float4_e2m1fn_x2,QuantType.per_1x32,1,0,32,0,18.0933,flydsl_moe1_afp4_wfp4_bf16_t32x64x256_w3,0.0%,9.7959,moe_ck2stages_gemm2_256x32x128x128_1x4_MulABScaleExpertWeightShuffled_v3_Nswizzle0_Quant3_MulRoutedWeight1_FP4X2_FP4X2_B16,0.6%,27.8892,0,0,0,9.02,115501.7,
256,4,4096,512,512,10,ActivationType.Silu,torch.bfloat16,torch.float4_e2m1fn_x2,torch.float4_e2m1fn_x2,QuantType.per_1x32,1,0,32,0,23.609,flydsl_moe1_afp4_wfp4_bf16_t32x64x256_w2,0.0%,15.5995,flydsl_moe2_afp4_wfp4_bf16_t32x128x256_atomic,0.6%,39.2085,0,0,0,12.84,82157.56,
256,8,4096,512,512,10,ActivationType.Silu,torch.bfloat16,torch.float4_e2m1fn_x2,torch.float4_e2m1fn_x2,QuantType.per_1x32,1,0,32,0,36.6305,flydsl_moe1_afp4_wfp4_bf16_t32x64x256_w3,0.0%,22.5495,flydsl_moe2_afp4_wfp4_bf16_t32x256x256_atomic_bnt2_xcd4,0.6%,59.18,0,0,0,17.01,54432.64,
256,16,4096,512,512,10,ActivationType.Silu,torch.bfloat16,torch.float4_e2m1fn_x2,torch.float4_e2m1fn_x2,QuantType.per_1x32,1,0,32,0,56.1968,flydsl_moe1_afp4_wfp4_bf16_t32x32x256_w3_fp4,1.0%,33.3065,flydsl_moe2_afp4_wfp4_bf16_t16x256x256_atomic_bnt2_sbm32,0.6%,89.5033,0,0,0,22.49,35992.22,
256,32,4096,512,512,10,ActivationType.Silu,torch.bfloat16,torch.float4_e2m1fn_x2,torch.float4_e2m1fn_x2,QuantType.per_1x32,1,0,32,0,91.7172,flydsl_moe1_afp4_wfp4_bf16_t32x64x256_w4,0.0%,50.1231,flydsl_moe2_afp4_wfp4_bf16_t16x128x256_atomic_bnt2_sbm32,0.7%,141.8403,0,0,0,28.39,22713.0,
256,64,4096,512,512,10,ActivationType.Silu,torch.bfloat16,torch.float4_e2m1fn_x2,torch.float4_e2m1fn_x2,QuantType.per_1x32,1,0,32,0,132.82289999999998,flydsl_moe1_afp4_wfp4_bf16_t32x64x256_w3,0.0%,73.1348,flydsl_moe2_afp4_wfp4_bf16_t32x256x256_atomic_bnt2_persist,0.6%,205.9577,0,0,0,39.1,15644.05,
256,128,4096,512,512,10,ActivationType.Silu,torch.bfloat16,torch.float4_e2m1fn_x2,torch.float4_e2m1fn_x2,QuantType.per_1x32,1,0,32,0,166.4783,flydsl_moe1_afp4_wfp4_bf16_t32x64x256_w3,0.0%,91.5393,flydsl_moe2_afp4_wfp4_bf16_t16x256x256_atomic_bnt2_sbm32,0.6%,258.0176,0,0,0,62.42,12490.61,
256,256,4096,512,512,10,ActivationType.Silu,torch.bfloat16,torch.float4_e2m1fn_x2,torch.float4_e2m1fn_x2,QuantType.per_1x32,1,0,32,0,183.803,flydsl_moe1_afp4_wfp4_bf16_t32x64x256_w2,0.0%,100.8005,flydsl_moe2_afp4_wfp4_bf16_t16x256x256_atomic_bnt2_xcd4_sbm32,0.7%,284.6035,0,0,0,113.18,11329.34,
256,512,4096,512,512,10,ActivationType.Silu,torch.bfloat16,torch.float4_e2m1fn_x2,torch.float4_e2m1fn_x2,QuantType.per_1x32,1,0,32,0,188.6386,flydsl_moe1_afp4_wfp4_bf16_t32x64x256_w2,0.0%,106.6165,flydsl_moe2_afp4_wfp4_bf16_t32x256x256_atomic_bnt2_xcd4,0.7%,295.2551,0,0,0,218.2,10931.28,
256,1024,4096,512,512,10,ActivationType.Silu,torch.bfloat16,torch.float4_e2m1fn_x2,torch.float4_e2m1fn_x2,QuantType.per_1x32,1,0,64,0,190.6771,flydsl_moe1_afp4_wfp4_bf16_t64x64x256_w4_fp4,0.8%,116.8034,flydsl_moe2_afp4_wfp4_bf16_t32x256x256_atomic_bnt2_xcd4_sbm64,0.6%,307.4805,0,0,0,419.05,10517.12,
256,2048,4096,512,512,10,ActivationType.Silu,torch.bfloat16,torch.float4_e2m1fn_x2,torch.float4_e2m1fn_x2,QuantType.per_1x32,1,0,64,0,219.2366,flydsl_moe1_afp4_wfp4_bf16_t64x64x256_w4,0.0%,167.8756,flydsl_moe2_afp4_wfp4_bf16_t64x128x128_atomic_bnt2_persist,0.6%,387.1122,0,0,0,665.69,8386.18,
256,4096,4096,512,512,10,ActivationType.Silu,torch.bfloat16,torch.float4_e2m1fn_x2,torch.float4_e2m1fn_x2,QuantType.per_1x32,1,0,64,0,276.577,flydsl_moe1_afp4_wfp4_bf16_t64x128x256_w3_bnt0_xcd4,0.0%,283.0577,flydsl_moe2_afp4_wfp4_bf16_t64x128x256_reduce_persist,0.0%,559.6347,0,0,0,920.95,5845.88,
256,8192,4096,512,512,10,ActivationType.Silu,torch.bfloat16,torch.float4_e2m1fn_x2,torch.float4_e2m1fn_x2,QuantType.per_1x32,1,0,64,0,389.4355,flydsl_moe1_afp4_wfp4_bf16_t64x128x256_w2_bnt0_xcd4,0.0%,470.7253,flydsl_moe2_afp4_wfp4_bf16_t64x128x256_reduce_persist,0.0%,860.1608,0,0,0,1198.37,3861.94,
256,16384,4096,512,512,10,ActivationType.Silu,torch.bfloat16,torch.float4_e2m1fn_x2,torch.float4_e2m1fn_x2,QuantType.per_1x32,1,0,64,0,621.6571,flydsl_moe1_afp4_wfp4_bf16_t64x128x256_w3_bnt0_xcd4,0.0%,887.4931,flydsl_moe2_afp4_wfp4_bf16_t64x128x256_reduce,0.0%,1509.1502,0,0,0,1366.06,2267.87,
256,32768,4096,512,512,10,ActivationType.Silu,torch.bfloat16,torch.float4_e2m1fn_x2,torch.float4_e2m1fn_x2,QuantType.per_1x32,1,0,128,0,1084.4397,moe_ck2stages_gemm1_256x128x128x128_1x4_MulABScaleShuffled_v3_Nswizzle0_Quant3_MulRoutedWeight0_silu_FP4X2_FP4X2_B16,0.0%,1723.7774,flydsl_moe2_afp4_wfp4_bf16_t128x128x256_reduce_xcd4,0.0%,2808.2171,0,0,0,1468.25,1290.46,
256,1,4096,512,512,10,ActivationType.Silu,torch.bfloat16,torch.float4_e2m1fn_x2,torch.float4_e2m1fn_x2,QuantType.per_1x32,1,0,32,0,17.1098,moe_ck2stages_gemm1_64x32x32x128_1x1_MulABScaleShuffled_v3_Nswizzle0_Quant3_MulRoutedWeight0_silu_FP4X2_FP4X2_B16,0.0,6.8556,moe_ck2stages_gemm2_256x32x128x128_1x4_MulABScaleExpertWeightShuffled_v3_Nswizzle0_Quant3_MulRoutedWeight1_FP4X2_FP4X2_B16,0.0098,23.9654,0,0,0,0.0,0.0,flydsl_fallback
256,2,4096,512,512,10,ActivationType.Silu,torch.bfloat16,torch.float4_e2m1fn_x2,torch.float4_e2m1fn_x2,QuantType.per_1x32,1,0,32,0,18.7189,moe_ck2stages_gemm1_64x32x32x128_1x1_MulABScaleShuffled_v3_Nswizzle0_Quant3_MulRoutedWeight0_silu_FP4X2_FP4X2_B16,0.0,9.7959,moe_ck2stages_gemm2_256x32x128x128_1x4_MulABScaleExpertWeightShuffled_v3_Nswizzle0_Quant3_MulRoutedWeight1_FP4X2_FP4X2_B16,0.0056,28.5148,0,0,0,0.0,0.0,flydsl_fallback
256,4,4096,512,512,10,ActivationType.Silu,torch.bfloat16,torch.float4_e2m1fn_x2,torch.float4_e2m1fn_x2,QuantType.per_1x32,1,0,32,0,24.7881,moe_ck2stages_gemm1_64x32x32x128_1x1_MulABScaleShuffled_v3_Nswizzle0_Quant3_MulRoutedWeight0_silu_FP4X2_FP4X2_B16,0.0,17.4169,moe_ck2stages_gemm2_256x32x128x128_1x4_MulABScaleExpertWeightShuffled_v3_Nswizzle0_Quant3_MulRoutedWeight1_FP4X2_FP4X2_B16,0.006,42.205,0,0,0,0.0,0.0,flydsl_fallback
256,8,4096,512,512,10,ActivationType.Silu,torch.bfloat16,torch.float4_e2m1fn_x2,torch.float4_e2m1fn_x2,QuantType.per_1x32,1,0,32,0,37.7319,moe_ck2stages_gemm1_64x32x32x128_1x1_MulABScaleShuffled_v3_Nswizzle0_Quant3_MulRoutedWeight0_silu_FP4X2_FP4X2_B16,0.0,24.7145,moe_ck2stages_gemm2_256x32x128x128_1x4_MulABScaleExpertWeightShuffled_v3_Nswizzle0_Quant3_MulRoutedWeight1_FP4X2_FP4X2_B16,0.0057,62.4464,0,0,0,0.0,0.0,flydsl_fallback
256,16,4096,512,512,10,ActivationType.Silu,torch.bfloat16,torch.float4_e2m1fn_x2,torch.float4_e2m1fn_x2,QuantType.per_1x32,1,0,32,0,64.4241,moe_ck2stages_gemm1_64x32x32x128_1x1_MulABScaleShuffled_v3_Nswizzle0_Quant3_MulRoutedWeight0_silu_FP4X2_FP4X2_B16,0.0,36.0799,moe_ck2stages_gemm2_256x32x128x128_1x4_MulABScaleExpertWeightShuffled_v3_Nswizzle0_Quant3_MulRoutedWeight1_FP4X2_FP4X2_B16,0.0058,100.504,0,0,0,0.0,0.0,flydsl_fallback
256,32,4096,512,512,10,ActivationType.Silu,torch.bfloat16,torch.float4_e2m1fn_x2,torch.float4_e2m1fn_x2,QuantType.per_1x32,1,0,32,0,101.919,moe_ck2stages_gemm1_64x32x32x128_1x1_MulABScaleShuffled_v3_Nswizzle0_Quant3_MulRoutedWeight0_silu_FP4X2_FP4X2_B16,0.0,55.1156,moe_ck2stages_gemm2_256x32x128x128_1x4_MulABScaleExpertWeightShuffled_v3_Nswizzle0_Quant3_MulRoutedWeight1_FP4X2_FP4X2_B16,0.0064,157.0346,0,0,0,0.0,0.0,flydsl_fallback
256,64,4096,512,512,10,ActivationType.Silu,torch.bfloat16,torch.float4_e2m1fn_x2,torch.float4_e2m1fn_x2,QuantType.per_1x32,1,0,32,0,149.60139999999998,moe_ck2stages_gemm1_64x32x32x128_1x1_MulABScaleShuffled_v3_Nswizzle0_Quant3_MulRoutedWeight0_silu_FP4X2_FP4X2_B16,0.0,78.1406,moe_ck2stages_gemm2_256x32x128x128_1x4_MulABScaleExpertWeightShuffled_v3_Nswizzle0_Quant3_MulRoutedWeight1_FP4X2_FP4X2_B16,0.0062,227.742,0,0,0,0.0,0.0,flydsl_fallback
256,128,4096,512,512,10,ActivationType.Silu,torch.bfloat16,torch.float4_e2m1fn_x2,torch.float4_e2m1fn_x2,QuantType.per_1x32,1,0,32,0,189.14,moe_ck2stages_gemm1_64x32x32x128_1x1_MulABScaleShuffled_v3_Nswizzle0_Quant3_MulRoutedWeight0_silu_FP4X2_FP4X2_B16,0.0,97.6775,moe_ck2stages_gemm2_256x32x128x128_1x4_MulABScaleExpertWeightShuffled_v3_Nswizzle0_Quant3_MulRoutedWeight1_FP4X2_FP4X2_B16,0.0062,286.8175,0,0,0,0.0,0.0,flydsl_fallback
256,256,4096,512,512,10,ActivationType.Silu,torch.bfloat16,torch.float4_e2m1fn_x2,torch.float4_e2m1fn_x2,QuantType.per_1x32,1,0,32,0,204.9777,moe_ck2stages_gemm1_64x32x32x128_1x1_MulABScaleShuffled_v3_Nswizzle0_Quant3_MulRoutedWeight0_silu_FP4X2_FP4X2_B16,0.0,109.8452,moe_ck2stages_gemm2_256x32x128x128_1x4_MulABScaleExpertWeightShuffled_v3_Nswizzle0_Quant3_MulRoutedWeight1_FP4X2_FP4X2_B16,0.0063,314.8229,0,0,0,0.0,0.0,flydsl_fallback
256,512,4096,512,512,10,ActivationType.Silu,torch.bfloat16,torch.float4_e2m1fn_x2,torch.float4_e2m1fn_x2,QuantType.per_1x32,1,0,32,0,210.4954,moe_ck2stages_gemm1_64x32x32x128_1x1_MulABScaleShuffled_v3_Nswizzle0_Quant3_MulRoutedWeight0_silu_FP4X2_FP4X2_B16,0.0,119.3019,moe_ck2stages_gemm2_256x32x128x128_1x4_MulABScaleExpertWeightShuffled_v3_Nswizzle0_Quant3_MulRoutedWeight1_FP4X2_FP4X2_B16,0.0065,329.7973,0,0,0,0.0,0.0,flydsl_fallback
256,1024,4096,512,512,10,ActivationType.Silu,torch.bfloat16,torch.float4_e2m1fn_x2,torch.float4_e2m1fn_x2,QuantType.per_1x32,1,0,32,0,222.4811,moe_ck2stages_gemm1_64x32x32x128_1x1_MulABScaleShuffled_v3_Nswizzle0_Quant3_MulRoutedWeight0_silu_FP4X2_FP4X2_B16,0.0,154.5509,moe_ck2stages_gemm2_256x32x128x128_1x4_MulABScaleExpertWeightShuffled_v3_Nswizzle0_Quant3_MulRoutedWeight1_FP4X2_FP4X2_B16,0.0065,377.032,0,0,0,0.0,0.0,flydsl_fallback
256,2048,4096,512,512,10,ActivationType.Silu,torch.bfloat16,torch.float4_e2m1fn_x2,torch.float4_e2m1fn_x2,QuantType.per_1x32,1,0,64,0,252.3694,moe_ck2stages_gemm1_256x64x128x128_1x4_MulABScaleShuffled_v3_Nswizzle0_Quant3_MulRoutedWeight0_silu_FP4X2_FP4X2_B16,0.0,265.7195,moe_ck2stages_gemm2_64x64x128x128_1x1_MulABScaleExpertWeightShuffled_v3_Nswizzle0_Quant3_MulRoutedWeight1_FP4X2_FP4X2_B16,0.0064,518.0889,0,0,0,0.0,0.0,flydsl_fallback
256,4096,4096,512,512,10,ActivationType.Silu,torch.bfloat16,torch.float4_e2m1fn_x2,torch.float4_e2m1fn_x2,QuantType.per_1x32,1,0,64,0,405.2959,moe_ck2stages_gemm1_256x64x128x128_1x4_MulABScaleShuffled_v3_Nswizzle0_Quant3_MulRoutedWeight0_silu_FP4X2_FP4X2_B16,0.0,432.9772,moe_ck2stages_gemm2_64x64x128x128_1x1_MulABScaleExpertWeightShuffled_v3_Nswizzle0_Quant3_MulRoutedWeight1_FP4X2_FP4X2_B16,0.0064,838.2731,0,0,0,0.0,0.0,flydsl_fallback
256,8192,4096,512,512,10,ActivationType.Silu,torch.bfloat16,torch.float4_e2m1fn_x2,torch.float4_e2m1fn_x2,QuantType.per_1x32,1,0,64,0,483.2611,moe_ck2stages_gemm1_256x64x128x128_1x4_MulABScaleShuffled_v3_Nswizzle0_Quant3_MulRoutedWeight0_silu_FP4X2_FP4X2_B16,0.0,712.1902,moe_ck2stages_gemm2_64x64x128x128_1x1_MulABScaleExpertWeightShuffled_v3_Nswizzle0_Quant3_MulRoutedWeight1_FP4X2_FP4X2_B16,0.0064,1195.4513,0,0,0,0.0,0.0,flydsl_fallback
256,16384,4096,512,512,10,ActivationType.Silu,torch.bfloat16,torch.float4_e2m1fn_x2,torch.float4_e2m1fn_x2,QuantType.per_1x32,1,0,64,0,683.2206,moe_ck2stages_gemm1_256x64x128x128_1x4_MulABScaleShuffled_v3_Nswizzle0_Quant3_MulRoutedWeight0_silu_FP4X2_FP4X2_B16,0.0,1326.4006,moe_ck2stages_gemm2_64x64x128x128_1x1_MulABScaleExpertWeightShuffled_v3_Nswizzle0_Quant3_MulRoutedWeight1_FP4X2_FP4X2_B16,0.0065,2009.6212,0,0,0,0.0,0.0,flydsl_fallback
256,32768,4096,512,512,10,ActivationType.Silu,torch.bfloat16,torch.float4_e2m1fn_x2,torch.float4_e2m1fn_x2,QuantType.per_1x32,1,0,64,0,1218.7951,moe_ck2stages_gemm1_256x64x128x128_1x4_MulABScaleShuffled_v3_Nswizzle0_Quant3_MulRoutedWeight0_silu_FP4X2_FP4X2_B16,0.0,2640.9686,moe_ck2stages_gemm2_64x64x128x128_1x1_MulABScaleExpertWeightShuffled_v3_Nswizzle0_Quant3_MulRoutedWeight1_FP4X2_FP4X2_B16,0.0064,3859.7637,0,0,0,0.0,0.0,flydsl_fallback
256,1,4096,512,513,11,ActivationType.Silu,torch.bfloat16,torch.float4_e2m1fn_x2,torch.float4_e2m1fn_x2,QuantType.per_1x32,1,0,32,0,16.985,moe_ck2stages_gemm1_64x32x32x128_1x1_MulABScaleShuffled_v3_Nswizzle0_Quant3_MulRoutedWeight0_silu_FP4X2_FP4X2_B16,0.0%,8.0761,moe_ck2stages_gemm2_256x32x128x128_1x4_MulABScaleExpertWeightShuffled_v3_Nswizzle0_Quant3_MulRoutedWeight1_FP4X2_FP4X2_B16,0.8%,25.0611,0,0,0,5.52,128786.41,
256,2,4096,512,513,11,ActivationType.Silu,torch.bfloat16,torch.float4_e2m1fn_x2,torch.float4_e2m1fn_x2,QuantType.per_1x32,1,0,64,0,16.352,flydsl_moe1_afp4_wfp4_bf16_t64x64x256_w2_fp4,1.4%,11.0043,moe_ck2stages_gemm2_256x64x128x128_1x4_MulABScaleExpertWeightShuffled_v3_Nswizzle0_Quant3_MulRoutedWeight1_FP4X2_FP4X2_B16,0.8%,27.3563,0,0,0,10.12,117981.65,
256,4,4096,512,513,11,ActivationType.Silu,torch.bfloat16,torch.float4_e2m1fn_x2,torch.float4_e2m1fn_x2,QuantType.per_1x32,1,0,32,0,22.9194,flydsl_moe1_afp4_wfp4_bf16_t32x32x256_w3,0.0%,16.7926,flydsl_moe2_afp4_wfp4_bf16_t32x256x256_atomic_bnt2,0.7%,39.712,0,0,0,13.94,81274.33,
256,8,4096,512,513,11,ActivationType.Silu,torch.bfloat16,torch.float4_e2m1fn_x2,torch.float4_e2m1fn_x2,QuantType.per_1x32,1,0,32,0,36.6712,flydsl_moe1_afp4_wfp4_bf16_t32x64x256_w4,0.0%,25.5881,flydsl_moe2_afp4_wfp4_bf16_t32x256x256_reduce_bnt2,0.0%,62.2593,0,0,0,17.79,51841.5,
256,16,4096,512,513,11,ActivationType.Silu,torch.bfloat16,torch.float4_e2m1fn_x2,torch.float4_e2m1fn_x2,QuantType.per_1x32,1,0,32,0,57.8913,flydsl_moe1_afp4_wfp4_bf16_t32x64x256_w3_fp4,0.9%,35.0587,flydsl_moe2_afp4_wfp4_bf16_t32x256x256_atomic_bnt2,0.7%,92.95,0,0,0,23.83,34725.27,
256,32,4096,512,513,11,ActivationType.Silu,torch.bfloat16,torch.float4_e2m1fn_x2,torch.float4_e2m1fn_x2,QuantType.per_1x32,1,0,32,0,95.8566,flydsl_moe1_afp4_wfp4_bf16_t32x64x256_w3,0.0%,54.2932,flydsl_moe2_afp4_wfp4_bf16_t32x128x256_atomic_bnt2_persist,0.7%,150.1498,0,0,0,29.5,21497.93,
256,64,4096,512,513,11,ActivationType.Silu,torch.bfloat16,torch.float4_e2m1fn_x2,torch.float4_e2m1fn_x2,QuantType.per_1x32,1,0,32,0,142.71030000000002,flydsl_moe1_afp4_wfp4_bf16_t32x64x256_w4,0.0%,77.2152,flydsl_moe2_afp4_wfp4_bf16_t16x256x256_atomic_bnt2_persist_sbm32,0.7%,219.9255,0,0,0,40.28,14679.08,
256,128,4096,512,513,11,ActivationType.Silu,torch.bfloat16,torch.float4_e2m1fn_x2,torch.float4_e2m1fn_x2,QuantType.per_1x32,1,0,32,0,172.1451,flydsl_moe1_afp4_wfp4_bf16_t32x64x256_w4,0.0%,92.9222,flydsl_moe2_afp4_wfp4_bf16_t16x256x256_atomic_bnt2_sbm32,0.7%,265.0673,0,0,0,66.84,12182.15,
256,256,4096,512,513,11,ActivationType.Silu,torch.bfloat16,torch.float4_e2m1fn_x2,torch.float4_e2m1fn_x2,QuantType.per_1x32,1,0,32,0,183.0293,flydsl_moe1_afp4_wfp4_bf16_t32x64x256_w4,0.0%,101.1646,flydsl_moe2_afp4_wfp4_bf16_t16x256x256_atomic_bnt2_persist_sbm32,0.7%,284.1939,0,0,0,124.68,11367.81,
256,512,4096,512,513,11,ActivationType.Silu,torch.bfloat16,torch.float4_e2m1fn_x2,torch.float4_e2m1fn_x2,QuantType.per_1x32,1,0,32,0,188.7084,flydsl_moe1_afp4_wfp4_bf16_t32x64x256_w2,0.0%,106.4571,flydsl_moe2_afp4_wfp4_bf16_t32x256x256_atomic_bnt2_xcd4,0.7%,295.1655,0,0,0,240.09,10955.92,
256,1024,4096,512,513,11,ActivationType.Silu,torch.bfloat16,torch.float4_e2m1fn_x2,torch.float4_e2m1fn_x2,QuantType.per_1x32,1,0,32,0,201.1747,flydsl_moe1_afp4_wfp4_bf16_t32x64x256_w4,0.0%,119.7648,flydsl_moe2_afp4_wfp4_bf16_t32x256x256_atomic_bnt2,0.7%,320.9395,0,0,0,441.62,10095.67,
256,2048,4096,512,513,11,ActivationType.Silu,torch.bfloat16,torch.float4_e2m1fn_x2,torch.float4_e2m1fn_x2,QuantType.per_1x32,1,0,64,0,221.6142,flydsl_moe1_afp4_wfp4_bf16_t64x64x256_w3,0.0%,179.4738,flydsl_moe2_afp4_wfp4_bf16_t64x128x256_atomic_bnt2,0.7%,401.088,0,0,0,706.75,8109.65,
256,4096,4096,512,513,11,ActivationType.Silu,torch.bfloat16,torch.float4_e2m1fn_x2,torch.float4_e2m1fn_x2,QuantType.per_1x32,1,0,64,0,291.9219,flydsl_moe1_afp4_wfp4_bf16_t64x128x256_w3_bnt0_xcd4,0.0%,301.8607,flydsl_moe2_afp4_wfp4_bf16_t64x128x256_reduce,0.0%,593.7826,0,0,0,954.79,5520.28,
256,8192,4096,512,513,11,ActivationType.Silu,torch.bfloat16,torch.float4_e2m1fn_x2,torch.float4_e2m1fn_x2,QuantType.per_1x32,1,0,64,0,417.5995,flydsl_moe1_afp4_wfp4_bf16_t64x128x256_w3_bnt0_xcd4,0.0%,507.4591,flydsl_moe2_afp4_wfp4_bf16_t64x128x256_reduce_persist,0.0%,925.0586,0,0,0,1225.73,3597.8,
256,16384,4096,512,513,11,ActivationType.Silu,torch.bfloat16,torch.float4_e2m1fn_x2,torch.float4_e2m1fn_x2,QuantType.per_1x32,1,0,64,0,663.6259,flydsl_moe1_afp4_wfp4_bf16_t64x128x256_w2_bnt0_xcd4,0.0%,972.5187,flydsl_moe2_afp4_wfp4_bf16_t64x128x256_reduce_persist,0.0%,1636.1446,0,0,0,1386.03,2095.68,
256,32768,4096,512,513,11,ActivationType.Silu,torch.bfloat16,torch.float4_e2m1fn_x2,torch.float4_e2m1fn_x2,QuantType.per_1x32,1,0,64,0,1180.6571,flydsl_moe1_afp4_wfp4_bf16_t64x128x256_w2_bnt0_xcd4,0.0%,1897.0756,flydsl_moe2_afp4_wfp4_bf16_t64x128x256_reduce,0.0%,3077.7327,0,0,0,1473.65,1179.49,
256,2,4096,512,513,11,ActivationType.Silu,torch.bfloat16,torch.float4_e2m1fn_x2,torch.float4_e2m1fn_x2,QuantType.per_1x32,1,0,32,0,18.9296,moe_ck2stages_gemm1_64x32x32x128_1x1_MulABScaleShuffled_v3_Nswizzle0_Quant3_MulRoutedWeight0_silu_FP4X2_FP4X2_B16,0.0,9.654,moe_ck2stages_gemm2_256x32x128x128_1x4_MulABScaleExpertWeightShuffled_v3_Nswizzle0_Quant3_MulRoutedWeight1_FP4X2_FP4X2_B16,0.0072,28.5836,0,0,0,0.0,0.0,flydsl_fallback
256,4,4096,512,513,11,ActivationType.Silu,torch.bfloat16,torch.float4_e2m1fn_x2,torch.float4_e2m1fn_x2,QuantType.per_1x32,1,0,32,0,23.3472,moe_ck2stages_gemm1_64x32x32x128_1x1_MulABScaleShuffled_v3_Nswizzle0_Quant3_MulRoutedWeight0_silu_FP4X2_FP4X2_B16,0.0,18.2377,moe_ck2stages_gemm2_256x32x128x128_1x4_MulABScaleExpertWeightShuffled_v3_Nswizzle0_Quant3_MulRoutedWeight1_FP4X2_FP4X2_B16,0.0071,41.5849,0,0,0,0.0,0.0,flydsl_fallback
256,8,4096,512,513,11,ActivationType.Silu,torch.bfloat16,torch.float4_e2m1fn_x2,torch.float4_e2m1fn_x2,QuantType.per_1x32,1,0,32,0,40.3886,moe_ck2stages_gemm1_64x32x32x128_1x1_MulABScaleShuffled_v3_Nswizzle0_Quant3_MulRoutedWeight0_silu_FP4X2_FP4X2_B16,0.0,25.9626,moe_ck2stages_gemm2_256x32x128x128_1x4_MulABScaleExpertWeightShuffled_v3_Nswizzle0_Quant3_MulRoutedWeight1_FP4X2_FP4X2_B16,0.0072,66.3512,0,0,0,0.0,0.0,flydsl_fallback
256,16,4096,512,513,11,ActivationType.Silu,torch.bfloat16,torch.float4_e2m1fn_x2,torch.float4_e2m1fn_x2,QuantType.per_1x32,1,0,32,0,67.25099999999999,moe_ck2stages_gemm1_64x32x32x128_1x1_MulABScaleShuffled_v3_Nswizzle0_Quant3_MulRoutedWeight0_silu_FP4X2_FP4X2_B16,0.0,38.2425,moe_ck2stages_gemm2_256x32x128x128_1x4_MulABScaleExpertWeightShuffled_v3_Nswizzle0_Quant3_MulRoutedWeight1_FP4X2_FP4X2_B16,0.0076,105.4935,0,0,0,0.0,0.0,flydsl_fallback
256,32,4096,512,513,11,ActivationType.Silu,torch.bfloat16,torch.float4_e2m1fn_x2,torch.float4_e2m1fn_x2,QuantType.per_1x32,1,0,32,0,109.1163,moe_ck2stages_gemm1_64x32x32x128_1x1_MulABScaleShuffled_v3_Nswizzle0_Quant3_MulRoutedWeight0_silu_FP4X2_FP4X2_B16,0.0,57.6567,moe_ck2stages_gemm2_256x32x128x128_1x4_MulABScaleExpertWeightShuffled_v3_Nswizzle0_Quant3_MulRoutedWeight1_FP4X2_FP4X2_B16,0.0074,166.773,0,0,0,0.0,0.0,flydsl_fallback
256,64,4096,512,513,11,ActivationType.Silu,torch.bfloat16,torch.float4_e2m1fn_x2,torch.float4_e2m1fn_x2,QuantType.per_1x32,1,0,32,0,158.692,moe_ck2stages_gemm1_64x32x32x128_1x1_MulABScaleShuffled_v3_Nswizzle0_Quant3_MulRoutedWeight0_silu_FP4X2_FP4X2_B16,0.0,82.0321,moe_ck2stages_gemm2_256x32x128x128_1x4_MulABScaleExpertWeightShuffled_v3_Nswizzle0_Quant3_MulRoutedWeight1_FP4X2_FP4X2_B16,0.0074,240.7241,0,0,0,0.0,0.0,flydsl_fallback
256,128,4096,512,513,11,ActivationType.Silu,torch.bfloat16,torch.float4_e2m1fn_x2,torch.float4_e2m1fn_x2,QuantType.per_1x32,1,0,32,0,189.9952,moe_ck2stages_gemm1_64x32x32x128_1x1_MulABScaleShuffled_v3_Nswizzle0_Quant3_MulRoutedWeight0_silu_FP4X2_FP4X2_B16,0.0,99.8835,moe_ck2stages_gemm2_256x32x128x128_1x4_MulABScaleExpertWeightShuffled_v3_Nswizzle0_Quant3_MulRoutedWeight1_FP4X2_FP4X2_B16,0.007,289.8787,0,0,0,0.0,0.0,flydsl_fallback
256,256,4096,512,513,11,ActivationType.Silu,torch.bfloat16,torch.float4_e2m1fn_x2,torch.float4_e2m1fn_x2,QuantType.per_1x32,1,0,64,0,218.834,moe_ck2stages_gemm1_256x64x128x128_1x4_MulABScaleShuffled_v3_Nswizzle0_Quant3_MulRoutedWeight0_silu_FP4X2_FP4X2_B16,0.0,116.0032,moe_ck2stages_gemm2_256x64x128x128_1x4_MulABScaleExpertWeightShuffled_v3_Nswizzle0_Quant3_MulRoutedWeight1_FP4X2_FP4X2_B16,0.0069,334.8372,0,0,0,0.0,0.0,flydsl_fallback
256,512,4096,512,513,11,ActivationType.Silu,torch.bfloat16,torch.float4_e2m1fn_x2,torch.float4_e2m1fn_x2,QuantType.per_1x32,1,0,32,0,209.3595,moe_ck2stages_gemm1_64x32x32x128_1x1_MulABScaleShuffled_v3_Nswizzle0_Quant3_MulRoutedWeight0_silu_FP4X2_FP4X2_B16,0.0,120.4165,moe_ck2stages_gemm2_256x32x128x128_1x4_MulABScaleExpertWeightShuffled_v3_Nswizzle0_Quant3_MulRoutedWeight1_FP4X2_FP4X2_B16,0.0069,329.776,0,0,0,0.0,0.0,flydsl_fallback
256,1024,4096,512,513,11,ActivationType.Silu,torch.bfloat16,torch.float4_e2m1fn_x2,torch.float4_e2m1fn_x2,QuantType.per_1x32,1,0,32,0,223.0527,moe_ck2stages_gemm1_64x32x32x128_1x1_MulABScaleShuffled_v3_Nswizzle0_Quant3_MulRoutedWeight0_silu_FP4X2_FP4X2_B16,0.0,167.5788,moe_ck2stages_gemm2_256x32x128x128_1x4_MulABScaleExpertWeightShuffled_v3_Nswizzle0_Quant3_MulRoutedWeight1_FP4X2_FP4X2_B16,0.0067,390.6315,0,0,0,0.0,0.0,flydsl_fallback
256,2048,4096,512,513,11,ActivationType.Silu,torch.bfloat16,torch.float4_e2m1fn_x2,torch.float4_e2m1fn_x2,QuantType.per_1x32,1,0,64,0,258.3435,moe_ck2stages_gemm1_256x64x128x128_1x4_MulABScaleShuffled_v3_Nswizzle0_Quant3_MulRoutedWeight0_silu_FP4X2_FP4X2_B16,0.0,275.4322,moe_ck2stages_gemm2_64x64x128x128_1x1_MulABScaleExpertWeightShuffled_v3_Nswizzle0_Quant3_MulRoutedWeight1_FP4X2_FP4X2_B16,0.0067,533.7757,0,0,0,0.0,0.0,flydsl_fallback
256,4096,4096,512,513,11,ActivationType.Silu,torch.bfloat16,torch.float4_e2m1fn_x2,torch.float4_e2m1fn_x2,QuantType.per_1x32,1,0,64,0,416.1358,moe_ck2stages_gemm1_256x64x128x128_1x4_MulABScaleShuffled_v3_Nswizzle0_Quant3_MulRoutedWeight0_silu_FP4X2_FP4X2_B16,0.0,445.4726,moe_ck2stages_gemm2_64x64x128x128_1x1_MulABScaleExpertWeightShuffled_v3_Nswizzle0_Quant3_MulRoutedWeight1_FP4X2_FP4X2_B16,0.0068,861.6084,0,0,0,0.0,0.0,flydsl_fallback
256,8192,4096,512,513,11,ActivationType.Silu,torch.bfloat16,torch.float4_e2m1fn_x2,torch.float4_e2m1fn_x2,QuantType.per_1x32,1,0,64,0,494.1662,moe_ck2stages_gemm1_256x64x128x128_1x4_MulABScaleShuffled_v3_Nswizzle0_Quant3_MulRoutedWeight0_silu_FP4X2_FP4X2_B16,0.0,746.5161,moe_ck2stages_gemm2_64x64x128x128_1x1_MulABScaleExpertWeightShuffled_v3_Nswizzle0_Quant3_MulRoutedWeight1_FP4X2_FP4X2_B16,0.0068,1240.6823,0,0,0,0.0,0.0,flydsl_fallback
256,16384,4096,512,513,11,ActivationType.Silu,torch.bfloat16,torch.float4_e2m1fn_x2,torch.float4_e2m1fn_x2,QuantType.per_1x32,1,0,64,0,736.6102000000001,moe_ck2stages_gemm1_256x64x128x128_1x4_MulABScaleShuffled_v3_Nswizzle0_Quant3_MulRoutedWeight0_silu_FP4X2_FP4X2_B16,0.0,1430.6176,moe_ck2stages_gemm2_64x64x128x128_1x1_MulABScaleExpertWeightShuffled_v3_Nswizzle0_Quant3_MulRoutedWeight1_FP4X2_FP4X2_B16,0.0068,2167.2278,0,0,0,0.0,0.0,flydsl_fallback
256,32768,4096,512,513,11,ActivationType.Silu,torch.bfloat16,torch.float4_e2m1fn_x2,torch.float4_e2m1fn_x2,QuantType.per_1x32,1,0,64,0,1311.974,moe_ck2stages_gemm1_256x64x128x128_1x4_MulABScaleShuffled_v3_Nswizzle0_Quant3_MulRoutedWeight0_silu_FP4X2_FP4X2_B16,0.0,2927.5907,moe_ck2stages_gemm2_64x64x128x128_1x1_MulABScaleExpertWeightShuffled_v3_Nswizzle0_Quant3_MulRoutedWeight1_FP4X2_FP4X2_B16,0.0068,4239.5647,0,0,0,0.0,0.0,flydsl_fallback
256,1,4096,256,512,10,ActivationType.Silu,torch.bfloat16,torch.float4_e2m1fn_x2,torch.float4_e2m1fn_x2,QuantType.per_1x32,1,0,32,0,16.9964,flydsl_moe1_afp4_wfp4_bf16_t32x128x256_w4,0.0%,6.5308,moe_ck2stages_gemm2_256x32x128x128_1x4_MulABScaleExpertWeightShuffled_v3_Nswizzle0_Quant3_MulRoutedWeight1_FP4X2_FP4X2_B16,0.1%,23.5272,0,0,0,2.67,68458.0,
256,2,4096,256,512,10,ActivationType.Silu,torch.bfloat16,torch.float4_e2m1fn_x2,torch.float4_e2m1fn_x2,QuantType.per_1x32,1,0,32,0,17.3338,flydsl_moe1_afp4_wfp4_bf16_t32x64x256_w3,0.0%,7.7768,moe_ck2stages_gemm2_256x32x128x128_1x4_MulABScaleExpertWeightShuffled_v3_Nswizzle0_Quant3_MulRoutedWeight1_FP4X2_FP4X2_B16,0.1%,25.1106,0,0,0,5.01,64141.73,
256,4,4096,256,512,10,ActivationType.Silu,torch.bfloat16,torch.float4_e2m1fn_x2,torch.float4_e2m1fn_x2,QuantType.per_1x32,1,0,32,0,19.0886,flydsl_moe1_afp4_wfp4_bf16_t32x64x256_w3,0.0%,9.8822,moe_ck2stages_gemm2_64x32x32x128_1x1_MulABScaleExpertWeightShuffled_v1_Nswizzle0_Quant3_MulRoutedWeight1_FP4X2_FP4X2_B16,0.1%,28.9708,0,0,0,8.69,55596.04,
256,8,4096,256,512,10,ActivationType.Silu,torch.bfloat16,torch.float4_e2m1fn_x2,torch.float4_e2m1fn_x2,QuantType.per_1x32,1,0,32,0,21.7039,moe_ck2stages_gemm1_64x32x32x128_1x1_MulABScaleShuffled_v3_Nswizzle0_Quant3_MulRoutedWeight0_silu_FP4X2_FP4X2_B16,0.0%,15.2965,flydsl_moe2_afp4_wfp4_bf16_t32x256x128_atomic,0.1%,37.0004,0,0,0,13.6,43532.26,
256,16,4096,256,512,10,ActivationType.Silu,torch.bfloat16,torch.float4_e2m1fn_x2,torch.float4_e2m1fn_x2,QuantType.per_1x32,1,0,32,0,36.1829,moe_ck2stages_gemm1_64x32x32x128_1x1_MulABScaleShuffled_v3_Nswizzle0_Quant3_MulRoutedWeight0_silu_FP4X2_FP4X2_B16,0.0%,23.7079,moe_ck2stages_gemm2_64x32x32x128_1x1_MulABScaleExpertWeightShuffled_v1_Nswizzle0_Quant3_MulRoutedWeight1_FP4X2_FP4X2_B16,0.1%,59.8908,0,0,0,16.81,26895.77,
256,32,4096,256,512,10,ActivationType.Silu,torch.bfloat16,torch.float4_e2m1fn_x2,torch.float4_e2m1fn_x2,QuantType.per_1x32,1,0,32,0,48.369,flydsl_moe1_afp4_wfp4_bf16_t32x64x256_w4_fp4,1.0%,32.4338,flydsl_moe2_afp4_wfp4_bf16_t16x256x256_atomic_bnt2_sbm32,0.1%,80.8028,0,0,0,24.92,19937.5,
256,64,4096,256,512,10,ActivationType.Silu,torch.bfloat16,torch.float4_e2m1fn_x2,torch.float4_e2m1fn_x2,QuantType.per_1x32,1,0,32,0,72.2405,flydsl_moe1_afp4_wfp4_bf16_t32x32x256_w4,0.0%,44.673,flydsl_moe2_afp4_wfp4_bf16_t32x256x256_atomic_bnt2,0.2%,116.9135,0,0,0,34.44,13782.83,
256,128,4096,256,512,10,ActivationType.Silu,torch.bfloat16,torch.float4_e2m1fn_x2,torch.float4_e2m1fn_x2,QuantType.per_1x32,1,0,32,0,89.6507,flydsl_moe1_afp4_wfp4_bf16_t32x32x256_w4,0.0%,52.5234,flydsl_moe2_afp4_wfp4_bf16_t16x256x256_atomic_bnt2_sbm32,0.2%,142.1741,0,0,0,56.64,11339.52,
256,256,4096,256,512,10,ActivationType.Silu,torch.bfloat16,torch.float4_e2m1fn_x2,torch.float4_e2m1fn_x2,QuantType.per_1x32,1,0,32,0,97.5308,flydsl_moe1_afp4_wfp4_bf16_t32x32x256_w4,0.0%,58.5853,flydsl_moe2_afp4_wfp4_bf16_t16x128x256_atomic_bnt2_persist_sbm32,0.2%,156.1161,0,0,0,103.17,10336.91,
256,512,4096,256,512,10,ActivationType.Silu,torch.bfloat16,torch.float4_e2m1fn_x2,torch.float4_e2m1fn_x2,QuantType.per_1x32,1,0,32,0,101.3345,flydsl_moe1_afp4_wfp4_bf16_t32x32x256_w4,0.0%,61.9367,flydsl_moe2_afp4_wfp4_bf16_t32x128x256_atomic_bnt2_persist,0.2%,163.2712,0,0,0,197.29,9903.18,
256,1024,4096,256,512,10,ActivationType.Silu,torch.bfloat16,torch.float4_e2m1fn_x2,torch.float4_e2m1fn_x2,QuantType.per_1x32,1,0,32,0,112.4792,flydsl_moe1_afp4_wfp4_bf16_t32x64x256_w3,0.0%,81.5538,flydsl_moe2_afp4_wfp4_bf16_t32x128x256_atomic_bnt2,0.2%,194.033,0,0,0,332.03,8365.56,
256,2048,4096,256,512,10,ActivationType.Silu,torch.bfloat16,torch.float4_e2m1fn_x2,torch.float4_e2m1fn_x2,QuantType.per_1x32,1,0,64,0,123.1222,flydsl_moe1_afp4_wfp4_bf16_t64x64x256_w4,0.0%,123.9719,flydsl_moe2_afp4_wfp4_bf16_t64x256x256_reduce_bnt2_persist,0.0%,247.0941,0,0,0,521.46,6620.06,
256,4096,4096,256,512,10,ActivationType.Silu,torch.bfloat16,torch.float4_e2m1fn_x2,torch.float4_e2m1fn_x2,QuantType.per_1x32,1,0,64,0,136.3449,flydsl_moe1_afp4_wfp4_bf16_t64x128x256_w3_bnt0_xcd4_fp4,0.8%,211.5037,flydsl_moe2_afp4_wfp4_bf16_t64x256x256_reduce,0.0%,347.8486,0,0,0,740.83,4774.91,
256,8192,4096,256,512,10,ActivationType.Silu,torch.bfloat16,torch.float4_e2m1fn_x2,torch.float4_e2m1fn_x2,QuantType.per_1x32,1,0,64,0,207.6715,flydsl_moe1_afp4_wfp4_bf16_t64x128x256_w4_bnt0_xcd4,0.0%,361.4539,flydsl_moe2_afp4_wfp4_bf16_t64x256x256_reduce,0.0%,569.1254,0,0,0,905.59,3006.85,
256,16384,4096,256,512,10,ActivationType.Silu,torch.bfloat16,torch.float4_e2m1fn_x2,torch.float4_e2m1fn_x2,QuantType.per_1x32,1,0,64,0,327.7502,flydsl_moe1_afp4_wfp4_bf16_t64x128x256_w4_bnt0_xcd4,0.0%,702.8685,flydsl_moe2_afp4_wfp4_bf16_t64x256x256_reduce,0.0%,1030.6187,0,0,0,1000.17,1758.11,
256,32768,4096,256,512,10,ActivationType.Silu,torch.bfloat16,torch.float4_e2m1fn_x2,torch.float4_e2m1fn_x2,QuantType.per_1x32,1,0,64,0,564.802,flydsl_moe1_afp4_wfp4_bf16_t64x128x256_w2_bnt0_xcd4,0.0%,1405.568,flydsl_moe2_afp4_wfp4_bf16_t64x256x256_reduce,0.0%,1970.37,0,0,0,1046.29,1021.77,
256,1,4096,256,512,10,ActivationType.Silu,torch.bfloat16,torch.float4_e2m1fn_x2,torch.float4_e2m1fn_x2,QuantType.per_1x32,1,0,32,0,17.173,moe_ck2stages_gemm1_64x32x32x128_1x1_MulABScaleShuffled_v3_Nswizzle0_Quant3_MulRoutedWeight0_silu_FP4X2_FP4X2_B16,0.0,6.5308,moe_ck2stages_gemm2_256x32x128x128_1x4_MulABScaleExpertWeightShuffled_v3_Nswizzle0_Quant3_MulRoutedWeight1_FP4X2_FP4X2_B16,0.0005,23.7038,0,0,0,0.0,0.0,flydsl_fallback
256,2,4096,256,512,10,ActivationType.Silu,torch.bfloat16,torch.float4_e2m1fn_x2,torch.float4_e2m1fn_x2,QuantType.per_1x32,1,0,32,0,17.3994,moe_ck2stages_gemm1_64x32x32x128_1x1_MulABScaleShuffled_v3_Nswizzle0_Quant3_MulRoutedWeight0_silu_FP4X2_FP4X2_B16,0.0,7.7768,moe_ck2stages_gemm2_256x32x128x128_1x4_MulABScaleExpertWeightShuffled_v3_Nswizzle0_Quant3_MulRoutedWeight1_FP4X2_FP4X2_B16,0.0015,25.1762,0,0,0,0.0,0.0,flydsl_fallback
256,4,4096,256,512,10,ActivationType.Silu,torch.bfloat16,torch.float4_e2m1fn_x2,torch.float4_e2m1fn_x2,QuantType.per_1x32,1,0,32,0,20.1501,moe_ck2stages_gemm1_64x32x32x128_1x1_MulABScaleShuffled_v3_Nswizzle0_Quant3_MulRoutedWeight0_silu_FP4X2_FP4X2_B16,0.0,9.8822,moe_ck2stages_gemm2_64x32x32x128_1x1_MulABScaleExpertWeightShuffled_v1_Nswizzle0_Quant3_MulRoutedWeight1_FP4X2_FP4X2_B16,0.0012,30.0323,0,0,0,0.0,0.0,flydsl_fallback
256,8,4096,256,512,10,ActivationType.Silu,torch.bfloat16,torch.float4_e2m1fn_x2,torch.float4_e2m1fn_x2,QuantType.per_1x32,1,0,32,0,21.7039,moe_ck2stages_gemm1_64x32x32x128_1x1_MulABScaleShuffled_v3_Nswizzle0_Quant3_MulRoutedWeight0_silu_FP4X2_FP4X2_B16,0.0,16.2545,moe_ck2stages_gemm2_64x32x32x128_1x1_MulABScaleExpertWeightShuffled_v1_Nswizzle0_Quant3_MulRoutedWeight1_FP4X2_FP4X2_B16,0.0014,37.9584,0,0,0,0.0,0.0,flydsl_fallback
256,32,4096,256,512,10,ActivationType.Silu,torch.bfloat16,torch.float4_e2m1fn_x2,torch.float4_e2m1fn_x2,QuantType.per_1x32,1,0,32,0,56.7034,moe_ck2stages_gemm1_256x32x128x128_1x4_MulABScaleShuffled_v3_Nswizzle0_Quant3_MulRoutedWeight0_silu_FP4X2_FP4X2_B16,0.0,33.1527,moe_ck2stages_gemm2_64x32x32x128_1x1_MulABScaleExpertWeightShuffled_v1_Nswizzle0_Quant3_MulRoutedWeight1_FP4X2_FP4X2_B16,0.0014,89.8561,0,0,0,0.0,0.0,flydsl_fallback
256,64,4096,256,512,10,ActivationType.Silu,torch.bfloat16,torch.float4_e2m1fn_x2,torch.float4_e2m1fn_x2,QuantType.per_1x32,1,0,32,0,80.79650000000001,moe_ck2stages_gemm1_64x32x32x128_1x1_MulABScaleShuffled_v3_Nswizzle0_Quant3_MulRoutedWeight0_silu_FP4X2_FP4X2_B16,0.0,46.3295,moe_ck2stages_gemm2_64x32x32x128_1x1_MulABScaleExpertWeightShuffled_v1_Nswizzle0_Quant3_MulRoutedWeight1_FP4X2_FP4X2_B16,0.0017,127.126,0,0,0,0.0,0.0,flydsl_fallback
256,128,4096,256,512,10,ActivationType.Silu,torch.bfloat16,torch.float4_e2m1fn_x2,torch.float4_e2m1fn_x2,QuantType.per_1x32,1,0,32,0,98.4793,moe_ck2stages_gemm1_64x32x32x128_1x1_MulABScaleShuffled_v3_Nswizzle0_Quant3_MulRoutedWeight0_silu_FP4X2_FP4X2_B16,0.0,56.7538,moe_ck2stages_gemm2_64x32x32x128_1x1_MulABScaleExpertWeightShuffled_v1_Nswizzle0_Quant3_MulRoutedWeight1_FP4X2_FP4X2_B16,0.0017,155.2331,0,0,0,0.0,0.0,flydsl_fallback
256,256,4096,256,512,10,ActivationType.Silu,torch.bfloat16,torch.float4_e2m1fn_x2,torch.float4_e2m1fn_x2,QuantType.per_1x32,1,0,32,0,108.93,moe_ck2stages_gemm1_64x32x32x128_1x1_MulABScaleShuffled_v3_Nswizzle0_Quant3_MulRoutedWeight0_silu_FP4X2_FP4X2_B16,0.0,62.6701,moe_ck2stages_gemm2_64x32x32x128_1x1_MulABScaleExpertWeightShuffled_v1_Nswizzle0_Quant3_MulRoutedWeight1_FP4X2_FP4X2_B16,0.0017,171.6001,0,0,0,0.0,0.0,flydsl_fallback
256,512,4096,256,512,10,ActivationType.Silu,torch.bfloat16,torch.float4_e2m1fn_x2,torch.float4_e2m1fn_x2,QuantType.per_1x32,1,0,32,0,111.7992,moe_ck2stages_gemm1_64x32x32x128_1x1_MulABScaleShuffled_v3_Nswizzle0_Quant3_MulRoutedWeight0_silu_FP4X2_FP4X2_B16,0.0,68.7076,moe_ck2stages_gemm2_64x32x32x128_1x1_MulABScaleExpertWeightShuffled_v1_Nswizzle0_Quant3_MulRoutedWeight1_FP4X2_FP4X2_B16,0.0017,180.5068,0,0,0,0.0,0.0,flydsl_fallback
256,1024,4096,256,512,10,ActivationType.Silu,torch.bfloat16,torch.float4_e2m1fn_x2,torch.float4_e2m1fn_x2,QuantType.per_1x32,1,0,32,0,119.4067,moe_ck2stages_gemm1_64x32x32x128_1x1_MulABScaleShuffled_v3_Nswizzle0_Quant3_MulRoutedWeight0_silu_FP4X2_FP4X2_B16,0.0,85.1785,moe_ck2stages_gemm2_64x32x32x128_1x1_MulABScaleExpertWeightShuffled_v1_Nswizzle0_Quant3_MulRoutedWeight1_FP4X2_FP4X2_B16,0.0016,204.5852,0,0,0,0.0,0.0,flydsl_fallback
256,2048,4096,256,512,10,ActivationType.Silu,torch.bfloat16,torch.float4_e2m1fn_x2,torch.float4_e2m1fn_x2,QuantType.per_1x32,1,0,32,0,147.7633,moe_ck2stages_gemm1_64x32x32x128_1x1_MulABScaleShuffled_v3_Nswizzle0_Quant3_MulRoutedWeight0_silu_FP4X2_FP4X2_B16,0.0,150.9111,moe_ck2stages_gemm2_64x32x32x128_1x1_MulABScaleExpertWeightShuffled_v1_Nswizzle0_Quant3_MulRoutedWeight1_FP4X2_FP4X2_B16,0.0016,298.6744,0,0,0,0.0,0.0,flydsl_fallback
256,4096,4096,256,512,10,ActivationType.Silu,torch.bfloat16,torch.float4_e2m1fn_x2,torch.float4_e2m1fn_x2,QuantType.per_1x32,1,0,128,0,160.6927,moe_ck2stages_gemm1_256x128x128x128_1x4_MulABScaleShuffled_v3_Nswizzle0_Quant3_MulRoutedWeight0_silu_FP4X2_FP4X2_B16,0.0,300.3373,moe_ck2stages_gemm2_64x128x128x128_1x1_MulABScaleExpertWeightShuffled_v3_Nswizzle0_Quant3_MulRoutedWeight1_FP4X2_FP4X2_B16,0.0017,461.03,0,0,0,0.0,0.0,flydsl_fallback
256,8192,4096,256,512,10,ActivationType.Silu,torch.bfloat16,torch.float4_e2m1fn_x2,torch.float4_e2m1fn_x2,QuantType.per_1x32,1,0,128,0,276.7996,moe_ck2stages_gemm1_256x128x128x128_1x4_MulABScaleShuffled_v3_Nswizzle0_Quant3_MulRoutedWeight0_silu_FP4X2_FP4X2_B16,0.0,552.0472,moe_ck2stages_gemm2_64x128x128x128_1x1_MulABScaleExpertWeightShuffled_v3_Nswizzle0_Quant3_MulRoutedWeight1_FP4X2_FP4X2_B16,0.0016,828.8468,0,0,0,0.0,0.0,flydsl_fallback
256,16384,4096,256,512,10,ActivationType.Silu,torch.bfloat16,torch.float4_e2m1fn_x2,torch.float4_e2m1fn_x2,QuantType.per_1x32,1,0,128,0,426.5651,moe_ck2stages_gemm1_256x128x128x128_1x4_MulABScaleShuffled_v3_Nswizzle0_Quant3_MulRoutedWeight0_silu_FP4X2_FP4X2_B16,0.0,1054.9726,moe_ck2stages_gemm2_64x128x128x128_1x1_MulABScaleExpertWeightShuffled_v3_Nswizzle0_Quant3_MulRoutedWeight1_FP4X2_FP4X2_B16,0.0017,1481.5377,0,0,0,0.0,0.0,flydsl_fallback
256,32768,4096,256,512,10,ActivationType.Silu,torch.bfloat16,torch.float4_e2m1fn_x2,torch.float4_e2m1fn_x2,QuantType.per_1x32,1,0,128,0,668.4323,moe_ck2stages_gemm1_256x128x128x128_1x4_MulABScaleShuffled_v3_Nswizzle0_Quant3_MulRoutedWeight0_silu_FP4X2_FP4X2_B16,0.0,2093.454,moe_ck2stages_gemm2_64x128x128x128_1x1_MulABScaleExpertWeightShuffled_v3_Nswizzle0_Quant3_MulRoutedWeight1_FP4X2_FP4X2_B16,0.0017,2761.8863,0,0,0,0.0,0.0,flydsl_fallback
256,1,4096,256,513,11,ActivationType.Silu,torch.bfloat16,torch.float4_e2m1fn_x2,torch.float4_e2m1fn_x2,QuantType.per_1x32,1,0,32,0,17.2085,moe_ck2stages_gemm1_64x32x32x128_1x1_MulABScaleShuffled_v3_Nswizzle0_Quant3_MulRoutedWeight0_silu_FP4X2_FP4X2_B16,0.0%,7.5485,moe_ck2stages_gemm2_256x32x128x128_1x4_MulABScaleExpertWeightShuffled_v3_Nswizzle0_Quant3_MulRoutedWeight1_FP4X2_FP4X2_B16,0.3%,24.757,0,0,0,2.8,65184.42,
256,2,4096,256,513,11,ActivationType.Silu,torch.bfloat16,torch.float4_e2m1fn_x2,torch.float4_e2m1fn_x2,QuantType.per_1x32,1,0,32,0,17.6795,moe_ck2stages_gemm1_64x32x32x128_1x1_MulABScaleShuffled_v3_Nswizzle0_Quant3_MulRoutedWeight0_silu_FP4X2_FP4X2_B16,0.0%,8.7559,moe_ck2stages_gemm2_256x32x128x128_1x4_MulABScaleExpertWeightShuffled_v3_Nswizzle0_Quant3_MulRoutedWeight1_FP4X2_FP4X2_B16,0.2%,26.4354,0,0,0,5.24,61046.29,
256,4,4096,256,513,11,ActivationType.Silu,torch.bfloat16,torch.float4_e2m1fn_x2,torch.float4_e2m1fn_x2,QuantType.per_1x32,1,0,32,0,19.4829,flydsl_moe1_afp4_wfp4_bf16_t32x64x256_w2,0.0%,10.5868,moe_ck2stages_gemm2_64x32x32x128_1x1_MulABScaleExpertWeightShuffled_v1_Nswizzle0_Quant3_MulRoutedWeight1_FP4X2_FP4X2_B16,0.2%,30.0697,0,0,0,9.21,53668.9,
256,8,4096,256,513,11,ActivationType.Silu,torch.bfloat16,torch.float4_e2m1fn_x2,torch.float4_e2m1fn_x2,QuantType.per_1x32,1,0,32,0,23.8117,moe_ck2stages_gemm1_64x32x32x128_1x1_MulABScaleShuffled_v3_Nswizzle0_Quant3_MulRoutedWeight0_silu_FP4X2_FP4X2_B16,0.0%,16.1045,flydsl_moe2_afp4_wfp4_bf16_t32x256x256_atomic,0.1%,39.9162,0,0,0,13.87,40431.12,
256,16,4096,256,513,11,ActivationType.Silu,torch.bfloat16,torch.float4_e2m1fn_x2,torch.float4_e2m1fn_x2,QuantType.per_1x32,1,0,32,0,37.3603,flydsl_moe1_afp4_wfp4_bf16_t32x64x256_w3,0.0%,23.8652,moe_ck2stages_gemm2_64x32x32x128_1x1_MulABScaleExpertWeightShuffled_v1_Nswizzle0_Quant3_MulRoutedWeight1_FP4X2_FP4X2_B16,0.2%,61.2255,0,0,0,18.09,26360.83,
256,32,4096,256,513,11,ActivationType.Silu,torch.bfloat16,torch.float4_e2m1fn_x2,torch.float4_e2m1fn_x2,QuantType.per_1x32,1,0,32,0,49.2297,flydsl_moe1_afp4_wfp4_bf16_t32x64x256_w4_fp4,0.9%,33.3523,flydsl_moe2_afp4_wfp4_bf16_t16x256x256_atomic_sbm32,0.2%,82.582,0,0,0,26.82,19546.05,
256,64,4096,256,513,11,ActivationType.Silu,torch.bfloat16,torch.float4_e2m1fn_x2,torch.float4_e2m1fn_x2,QuantType.per_1x32,1,0,32,0,80.4996,flydsl_moe1_afp4_wfp4_bf16_t32x64x256_w4,0.0%,45.1597,flydsl_moe2_afp4_wfp4_bf16_t16x256x256_atomic_bnt2_sbm32,0.2%,125.6593,0,0,0,35.25,12848.59,
256,128,4096,256,513,11,ActivationType.Silu,torch.bfloat16,torch.float4_e2m1fn_x2,torch.float4_e2m1fn_x2,QuantType.per_1x32,1,0,32,0,91.754,flydsl_moe1_afp4_wfp4_bf16_t32x32x256_w4,0.0%,55.1437,flydsl_moe2_afp4_wfp4_bf16_t16x256x256_atomic_bnt2_persist_sbm32,0.2%,146.8977,0,0,0,60.3,10996.3,
256,256,4096,256,513,11,ActivationType.Silu,torch.bfloat16,torch.float4_e2m1fn_x2,torch.float4_e2m1fn_x2,QuantType.per_1x32,1,0,32,0,98.0269,flydsl_moe1_afp4_wfp4_bf16_t32x32x256_w4,0.0%,58.9202,flydsl_moe2_afp4_wfp4_bf16_t16x256x256_atomic_bnt2_persist_sbm32,0.2%,156.9471,0,0,0,112.88,10302.22,
256,512,4096,256,513,11,ActivationType.Silu,torch.bfloat16,torch.float4_e2m1fn_x2,torch.float4_e2m1fn_x2,QuantType.per_1x32,1,0,64,0,101.1908,flydsl_moe1_afp4_wfp4_bf16_t64x128x256_w4_xcd4_fp4,0.9%,69.1927,flydsl_moe2_afp4_wfp4_bf16_t32x128x256_atomic_bnt2_persist_sbm64,0.2%,170.3835,0,0,0,207.96,9508.26,
256,1024,4096,256,513,11,ActivationType.Silu,torch.bfloat16,torch.float4_e2m1fn_x2,torch.float4_e2m1fn_x2,QuantType.per_1x32,1,0,32,0,109.7693,flydsl_moe1_afp4_wfp4_bf16_t32x64x256_w3,0.0%,88.0976,flydsl_moe2_afp4_wfp4_bf16_t32x128x256_atomic_bnt2_persist,0.2%,197.8669,0,0,0,358.15,8219.37,
256,2048,4096,256,513,11,ActivationType.Silu,torch.bfloat16,torch.float4_e2m1fn_x2,torch.float4_e2m1fn_x2,QuantType.per_1x32,1,0,64,0,127.2019,flydsl_moe1_afp4_wfp4_bf16_t64x64x256_w4,0.0%,132.197,flydsl_moe2_afp4_wfp4_bf16_t64x256x256_reduce_bnt2_persist,0.0%,259.3989,0,0,0,546.39,6318.16,
256,4096,4096,256,513,11,ActivationType.Silu,torch.bfloat16,torch.float4_e2m1fn_x2,torch.float4_e2m1fn_x2,QuantType.per_1x32,1,0,64,0,157.08700000000002,flydsl_moe1_afp4_wfp4_bf16_t64x128x256_w3_bnt0_xcd4,0.0%,225.0196,flydsl_moe2_afp4_wfp4_bf16_t64x256x256_reduce,0.0%,382.1066,0,0,0,741.86,4355.04,
256,8192,4096,256,513,11,ActivationType.Silu,torch.bfloat16,torch.float4_e2m1fn_x2,torch.float4_e2m1fn_x2,QuantType.per_1x32,1,0,64,0,223.6731,flydsl_moe1_afp4_wfp4_bf16_t64x128x256_w4_bnt0_xcd4,0.0%,389.132,flydsl_moe2_afp4_wfp4_bf16_t64x256x256_reduce_persist,0.0%,612.8051,0,0,0,925.15,2797.66,
256,16384,4096,256,513,11,ActivationType.Silu,torch.bfloat16,torch.float4_e2m1fn_x2,torch.float4_e2m1fn_x2,QuantType.per_1x32,1,0,64,0,353.644,flydsl_moe1_afp4_wfp4_bf16_t64x128x256_w3_bnt0_xcd4,0.0%,731.8767,flydsl_moe2_afp4_wfp4_bf16_t64x256x256_reduce_persist,0.0%,1085.5207,0,0,0,1044.54,1672.09,
256,32768,4096,256,513,11,ActivationType.Silu,torch.bfloat16,torch.float4_e2m1fn_x2,torch.float4_e2m1fn_x2,QuantType.per_1x32,1,0,64,0,614.6197,flydsl_moe1_afp4_wfp4_bf16_t64x128x256_w3_bnt0_xcd4,0.0%,1538.2739,flydsl_moe2_afp4_wfp4_bf16_t64x256x256_reduce_persist,0.0%,2152.8936,0,0,0,1053.35,936.61,
256,4,4096,256,513,11,ActivationType.Silu,torch.bfloat16,torch.float4_e2m1fn_x2,torch.float4_e2m1fn_x2,QuantType.per_1x32,1,0,32,0,20.629,moe_ck2stages_gemm1_64x32x32x128_1x1_MulABScaleShuffled_v3_Nswizzle0_Quant3_MulRoutedWeight0_silu_FP4X2_FP4X2_B16,0.0,10.5868,moe_ck2stages_gemm2_64x32x32x128_1x1_MulABScaleExpertWeightShuffled_v1_Nswizzle0_Quant3_MulRoutedWeight1_FP4X2_FP4X2_B16,0.0016,31.2158,0,0,0,0.0,0.0,flydsl_fallback
256,8,4096,256,513,11,ActivationType.Silu,torch.bfloat16,torch.float4_e2m1fn_x2,torch.float4_e2m1fn_x2,QuantType.per_1x32,1,0,32,0,23.8117,moe_ck2stages_gemm1_64x32x32x128_1x1_MulABScaleShuffled_v3_Nswizzle0_Quant3_MulRoutedWeight0_silu_FP4X2_FP4X2_B16,0.0,17.2548,moe_ck2stages_gemm2_64x32x32x128_1x1_MulABScaleExpertWeightShuffled_v1_Nswizzle0_Quant3_MulRoutedWeight1_FP4X2_FP4X2_B16,0.0014,41.0665,0,0,0,0.0,0.0,flydsl_fallback
256,16,4096,256,513,11,ActivationType.Silu,torch.bfloat16,torch.float4_e2m1fn_x2,torch.float4_e2m1fn_x2,QuantType.per_1x32,1,0,32,0,38.7571,moe_ck2stages_gemm1_64x32x32x128_1x1_MulABScaleShuffled_v3_Nswizzle0_Quant3_MulRoutedWeight0_silu_FP4X2_FP4X2_B16,0.0,23.8652,moe_ck2stages_gemm2_64x32x32x128_1x1_MulABScaleExpertWeightShuffled_v1_Nswizzle0_Quant3_MulRoutedWeight1_FP4X2_FP4X2_B16,0.0017,62.6223,0,0,0,0.0,0.0,flydsl_fallback
256,32,4096,256,513,11,ActivationType.Silu,torch.bfloat16,torch.float4_e2m1fn_x2,torch.float4_e2m1fn_x2,QuantType.per_1x32,1,0,32,0,57.7098,moe_ck2stages_gemm1_64x32x32x128_1x1_MulABScaleShuffled_v3_Nswizzle0_Quant3_MulRoutedWeight0_silu_FP4X2_FP4X2_B16,0.0,33.7552,moe_ck2stages_gemm2_64x32x32x128_1x1_MulABScaleExpertWeightShuffled_v1_Nswizzle0_Quant3_MulRoutedWeight1_FP4X2_FP4X2_B16,0.0016,91.465,0,0,0,0.0,0.0,flydsl_fallback
256,64,4096,256,513,11,ActivationType.Silu,torch.bfloat16,torch.float4_e2m1fn_x2,torch.float4_e2m1fn_x2,QuantType.per_1x32,1,0,32,0,85.62870000000001,moe_ck2stages_gemm1_64x32x32x128_1x1_MulABScaleShuffled_v3_Nswizzle0_Quant3_MulRoutedWeight0_silu_FP4X2_FP4X2_B16,0.0,48.7618,moe_ck2stages_gemm2_64x32x32x128_1x1_MulABScaleExpertWeightShuffled_v1_Nswizzle0_Quant3_MulRoutedWeight1_FP4X2_FP4X2_B16,0.0017,134.3905,0,0,0,0.0,0.0,flydsl_fallback
256,128,4096,256,513,11,ActivationType.Silu,torch.bfloat16,torch.float4_e2m1fn_x2,torch.float4_e2m1fn_x2,QuantType.per_1x32,1,0,32,0,101.1676,moe_ck2stages_gemm1_64x32x32x128_1x1_MulABScaleShuffled_v3_Nswizzle0_Quant3_MulRoutedWeight0_silu_FP4X2_FP4X2_B16,0.0,58.8326,moe_ck2stages_gemm2_64x32x32x128_1x1_MulABScaleExpertWeightShuffled_v1_Nswizzle0_Quant3_MulRoutedWeight1_FP4X2_FP4X2_B16,0.0018,160.0002,0,0,0,0.0,0.0,flydsl_fallback
256,256,4096,256,513,11,ActivationType.Silu,torch.bfloat16,torch.float4_e2m1fn_x2,torch.float4_e2m1fn_x2,QuantType.per_1x32,1,0,32,0,108.8483,moe_ck2stages_gemm1_64x32x32x128_1x1_MulABScaleShuffled_v3_Nswizzle0_Quant3_MulRoutedWeight0_silu_FP4X2_FP4X2_B16,0.0,64.0761,moe_ck2stages_gemm2_64x32x32x128_1x1_MulABScaleExpertWeightShuffled_v1_Nswizzle0_Quant3_MulRoutedWeight1_FP4X2_FP4X2_B16,0.0019,172.9244,0,0,0,0.0,0.0,flydsl_fallback
256,512,4096,256,513,11,ActivationType.Silu,torch.bfloat16,torch.float4_e2m1fn_x2,torch.float4_e2m1fn_x2,QuantType.per_1x32,1,0,32,0,112.8112,moe_ck2stages_gemm1_64x32x32x128_1x1_MulABScaleShuffled_v3_Nswizzle0_Quant3_MulRoutedWeight0_silu_FP4X2_FP4X2_B16,0.0,70.1194,moe_ck2stages_gemm2_64x32x32x128_1x1_MulABScaleExpertWeightShuffled_v1_Nswizzle0_Quant3_MulRoutedWeight1_FP4X2_FP4X2_B16,0.0019,182.9306,0,0,0,0.0,0.0,flydsl_fallback
256,1024,4096,256,513,11,ActivationType.Silu,torch.bfloat16,torch.float4_e2m1fn_x2,torch.float4_e2m1fn_x2,QuantType.per_1x32,1,0,32,0,121.3561,moe_ck2stages_gemm1_64x32x32x128_1x1_MulABScaleShuffled_v3_Nswizzle0_Quant3_MulRoutedWeight0_silu_FP4X2_FP4X2_B16,0.0,91.98,moe_ck2stages_gemm2_64x32x32x128_1x1_MulABScaleExpertWeightShuffled_v1_Nswizzle0_Quant3_MulRoutedWeight1_FP4X2_FP4X2_B16,0.0018,213.3361,0,0,0,0.0,0.0,flydsl_fallback
256,2048,4096,256,513,11,ActivationType.Silu,torch.bfloat16,torch.float4_e2m1fn_x2,torch.float4_e2m1fn_x2,QuantType.per_1x32,1,0,32,0,144.073,moe_ck2stages_gemm1_64x32x32x128_1x1_MulABScaleShuffled_v3_Nswizzle0_Quant3_MulRoutedWeight0_silu_FP4X2_FP4X2_B16,0.0,164.4991,moe_ck2stages_gemm2_64x32x32x128_1x1_MulABScaleExpertWeightShuffled_v1_Nswizzle0_Quant3_MulRoutedWeight1_FP4X2_FP4X2_B16,0.0018,308.5721,0,0,0,0.0,0.0,flydsl_fallback
256,4096,4096,256,513,11,ActivationType.Silu,torch.bfloat16,torch.float4_e2m1fn_x2,torch.float4_e2m1fn_x2,QuantType.per_1x32,1,0,128,0,171.3463,moe_ck2stages_gemm1_256x128x128x128_1x4_MulABScaleShuffled_v3_Nswizzle0_Quant3_MulRoutedWeight0_silu_FP4X2_FP4X2_B16,0.0,319.8953,moe_ck2stages_gemm2_64x128x128x128_1x1_MulABScaleExpertWeightShuffled_v3_Nswizzle0_Quant3_MulRoutedWeight1_FP4X2_FP4X2_B16,0.0018,491.2416,0,0,0,0.0,0.0,flydsl_fallback
256,8192,4096,256,513,11,ActivationType.Silu,torch.bfloat16,torch.float4_e2m1fn_x2,torch.float4_e2m1fn_x2,QuantType.per_1x32,1,0,128,0,288.34590000000003,moe_ck2stages_gemm1_256x128x128x128_1x4_MulABScaleShuffled_v3_Nswizzle0_Quant3_MulRoutedWeight0_silu_FP4X2_FP4X2_B16,0.0,597.6674,moe_ck2stages_gemm2_64x128x128x128_1x1_MulABScaleExpertWeightShuffled_v3_Nswizzle0_Quant3_MulRoutedWeight1_FP4X2_FP4X2_B16,0.0018,886.0133,0,0,0,0.0,0.0,flydsl_fallback
256,16384,4096,256,513,11,ActivationType.Silu,torch.bfloat16,torch.float4_e2m1fn_x2,torch.float4_e2m1fn_x2,QuantType.per_1x32,1,0,128,0,440.5246,moe_ck2stages_gemm1_256x128x128x128_1x4_MulABScaleShuffled_v3_Nswizzle0_Quant3_MulRoutedWeight0_silu_FP4X2_FP4X2_B16,0.0,1161.0299,moe_ck2stages_gemm2_64x128x128x128_1x1_MulABScaleExpertWeightShuffled_v3_Nswizzle0_Quant3_MulRoutedWeight1_FP4X2_FP4X2_B16,0.0018,1601.5545,0,0,0,0.0,0.0,flydsl_fallback
256,32768,4096,256,513,11,ActivationType.Silu,torch.bfloat16,torch.float4_e2m1fn_x2,torch.float4_e2m1fn_x2,QuantType.per_1x32,1,0,128,0,682.4069,moe_ck2stages_gemm1_256x128x128x128_1x4_MulABScaleShuffled_v3_Nswizzle0_Quant3_MulRoutedWeight0_silu_FP4X2_FP4X2_B16,0.0,2300.7171,moe_ck2stages_gemm2_64x128x128x128_1x1_MulABScaleExpertWeightShuffled_v3_Nswizzle0_Quant3_MulRoutedWeight1_FP4X2_FP4X2_B16,0.0018,2983.124,0,0,0,0.0,0.0,flydsl_fallback
256,1,4096,128,512,10,ActivationType.Silu,torch.bfloat16,torch.float4_e2m1fn_x2,torch.float4_e2m1fn_x2,QuantType.per_1x32,1,0,32,0,13.7976,flydsl_moe1_afp4_wfp4_bf16_t32x64x256_w3_kb4_go_xcd4_fp4,0.8%,8.7159,flydsl_moe2_afp4_wfp4_bf16_t32x256x128_atomic_bnt2,0.0%,22.5135,0,0,0,1.4,35770.48,
256,2,4096,128,512,10,ActivationType.Silu,torch.bfloat16,torch.float4_e2m1fn_x2,torch.float4_e2m1fn_x2,QuantType.per_1x32,1,0,64,0,15.6213,flydsl_moe1_afp4_wfp4_bf16_t64x64x256_w2_fp4,0.7%,10.5375,flydsl_moe2_afp4_wfp4_bf16_t64x128x128_atomic_bnt2,0.0%,26.1588,0,0,0,2.41,30786.23,
256,4,4096,128,512,10,ActivationType.Silu,torch.bfloat16,torch.float4_e2m1fn_x2,torch.float4_e2m1fn_x2,QuantType.per_1x32,1,0,32,0,17.9785,flydsl_moe1_afp4_wfp4_bf16_t32x64x256_w4,0.0%,10.9654,flydsl_moe2_afp4_wfp4_bf16_t32x128x128_atomic_bnt2,0.0%,28.9439,0,0,0,4.35,27824.71,
256,8,4096,128,512,10,ActivationType.Silu,torch.bfloat16,torch.float4_e2m1fn_x2,torch.float4_e2m1fn_x2,QuantType.per_1x32,1,0,32,0,19.3972,flydsl_moe1_afp4_wfp4_bf16_t32x64x256_w2_bnt0,0.0%,12.9733,flydsl_moe2_afp4_wfp4_bf16_t32x256x128_atomic_xcd4,0.0%,32.3705,0,0,0,7.77,24880.82,
256,16,4096,128,512,10,ActivationType.Silu,torch.bfloat16,torch.float4_e2m1fn_x2,torch.float4_e2m1fn_x2,QuantType.per_1x32,1,0,32,0,24.0983,flydsl_moe1_afp4_wfp4_bf16_t32x32x256_w4_bnt0,0.0%,16.1887,flydsl_moe2_afp4_wfp4_bf16_t32x256x128_atomic,0.0%,40.287,0,0,0,12.49,19994.12,
256,32,4096,128,512,10,ActivationType.Silu,torch.bfloat16,torch.float4_e2m1fn_x2,torch.float4_e2m1fn_x2,QuantType.per_1x32,1,0,32,0,28.2948,flydsl_moe1_afp4_wfp4_bf16_t32x64x256_w4_fp4,0.8%,24.3668,flydsl_moe2_afp4_wfp4_bf16_t32x256x128_reduce_persist,0.0%,52.6616,0,0,0,19.12,15299.57,
256,64,4096,128,512,10,ActivationType.Silu,torch.bfloat16,torch.float4_e2m1fn_x2,torch.float4_e2m1fn_x2,QuantType.per_1x32,1,0,32,0,38.5158,flydsl_moe1_afp4_wfp4_bf16_t32x64x256_w3_fp4,0.7%,32.3841,flydsl_moe2_afp4_wfp4_bf16_t32x256x128_atomic_persist,0.0%,70.8999,0,0,0,28.4,11369.45,
256,128,4096,128,512,10,ActivationType.Silu,torch.bfloat16,torch.float4_e2m1fn_x2,torch.float4_e2m1fn_x2,QuantType.per_1x32,1,0,32,0,48.7202,flydsl_moe1_afp4_wfp4_bf16_t32x64x256_w4,0.0%,36.5554,flydsl_moe2_afp4_wfp4_bf16_t32x256x128_atomic_bnt2_persist,0.0%,85.2756,0,0,0,47.22,9462.02,
256,256,4096,128,512,10,ActivationType.Silu,torch.bfloat16,torch.float4_e2m1fn_x2,torch.float4_e2m1fn_x2,QuantType.per_1x32,1,0,32,0,52.5325,flydsl_moe1_afp4_wfp4_bf16_t32x32x256_w4_fp4,0.9%,40.7024,flydsl_moe2_afp4_wfp4_bf16_t32x256x128_atomic_bnt2_persist,0.0%,93.2349,0,0,0,86.37,8671.13,
256,512,4096,128,512,10,ActivationType.Silu,torch.bfloat16,torch.float4_e2m1fn_x2,torch.float4_e2m1fn_x2,QuantType.per_1x32,1,0,32,0,54.0802,flydsl_moe1_afp4_wfp4_bf16_t32x32x256_w4_fp4,0.9%,47.5761,flydsl_moe2_afp4_wfp4_bf16_t32x256x128_atomic_bnt2_xcd4_persist,0.0%,101.6563,0,0,0,158.44,7983.74,
256,1024,4096,128,512,10,ActivationType.Silu,torch.bfloat16,torch.float4_e2m1fn_x2,torch.float4_e2m1fn_x2,QuantType.per_1x32,1,0,64,0,59.1119,flydsl_moe1_afp4_wfp4_bf16_t64x64x256_w4_fp4,0.8%,66.313,flydsl_moe2_afp4_wfp4_bf16_t32x256x128_reduce_bnt2_xcd4_persist_sbm64,0.0%,125.4249,0,0,0,256.83,6520.95,
256,2048,4096,128,512,10,ActivationType.Silu,torch.bfloat16,torch.float4_e2m1fn_x2,torch.float4_e2m1fn_x2,QuantType.per_1x32,1,0,64,0,67.2424,flydsl_moe1_afp4_wfp4_bf16_t64x64x256_w4,0.0%,102.1749,flydsl_moe2_afp4_wfp4_bf16_t64x256x128_reduce_bnt2_persist,0.0%,169.4173,0,0,0,380.27,4901.93,
256,4096,4096,128,512,10,ActivationType.Silu,torch.bfloat16,torch.float4_e2m1fn_x2,torch.float4_e2m1fn_x2,QuantType.per_1x32,1,0,64,0,80.4065,flydsl_moe1_afp4_wfp4_bf16_t64x128x256_w3_bnt0_xcd4,0.0%,184.5844,flydsl_moe2_afp4_wfp4_bf16_t32x256x128_reduce_xcd4_persist_sbm64,0.0%,264.9909,0,0,0,486.24,3228.93,
256,8192,4096,128,512,10,ActivationType.Silu,torch.bfloat16,torch.float4_e2m1fn_x2,torch.float4_e2m1fn_x2,QuantType.per_1x32,1,0,64,0,109.986,flydsl_moe1_afp4_wfp4_bf16_t64x128x256_w3_bnt0_xcd4,0.0%,347.3768,flydsl_moe2_afp4_wfp4_bf16_t32x256x128_reduce_persist_sbm64,0.0%,457.3628,0,0,0,563.44,1980.86,
256,16384,4096,128,512,10,ActivationType.Silu,torch.bfloat16,torch.float4_e2m1fn_x2,torch.float4_e2m1fn_x2,QuantType.per_1x32,1,0,64,0,181.4097,flydsl_moe1_afp4_wfp4_bf16_t64x128x256_w3_bnt0_xcd4,0.0%,658.6339,flydsl_moe2_afp4_wfp4_bf16_t64x256x128_reduce_xcd4_persist,0.0%,840.0436,0,0,0,613.53,1198.31,
256,32768,4096,128,512,10,ActivationType.Silu,torch.bfloat16,torch.float4_e2m1fn_x2,torch.float4_e2m1fn_x2,QuantType.per_1x32,1,0,64,0,312.3025,flydsl_moe1_afp4_wfp4_bf16_t64x128x256_w3_bnt0_xcd4,0.0%,1291.9955,flydsl_moe2_afp4_wfp4_bf16_t64x256x128_reduce_xcd4,0.0%,1604.298,0,0,0,642.52,752.95,
256,1,4096,128,513,11,ActivationType.Silu,torch.bfloat16,torch.float4_e2m1fn_x2,torch.float4_e2m1fn_x2,QuantType.per_1x32,1,0,32,0,14.0725,flydsl_moe1_afp4_wfp4_bf16_t32x64x256_w3_kb4_go_xcd4_fp4,21.9%,8.9955,flydsl_moe2_afp4_wfp4_bf16_t32x128x128_atomic_bnt2,0.1%,23.068,0,0,0,1.5,34978.82,
256,2,4096,128,513,11,ActivationType.Silu,torch.bfloat16,torch.float4_e2m1fn_x2,torch.float4_e2m1fn_x2,QuantType.per_1x32,1,0,32,0,18.1901,moe_ck2stages_gemm1_64x32x32x128_1x1_MulABScaleShuffled_v3_Nswizzle0_Quant3_MulRoutedWeight0_silu_FP4X2_FP4X2_B16,0.0%,9.7006,flydsl_moe2_afp4_wfp4_bf16_t32x128x128_atomic_bnt2,0.0%,27.8907,0,0,0,2.48,28930.93,
256,4,4096,128,513,11,ActivationType.Silu,torch.bfloat16,torch.float4_e2m1fn_x2,torch.float4_e2m1fn_x2,QuantType.per_1x32,1,0,32,0,18.5527,moe_ck2stages_gemm1_64x32x32x128_1x1_MulABScaleShuffled_v3_Nswizzle0_Quant3_MulRoutedWeight0_silu_FP4X2_FP4X2_B16,0.0%,11.0773,flydsl_moe2_afp4_wfp4_bf16_t32x256x128_atomic_bnt2,0.0%,29.63,0,0,0,4.67,27233.49,
256,8,4096,128,513,11,ActivationType.Silu,torch.bfloat16,torch.float4_e2m1fn_x2,torch.float4_e2m1fn_x2,QuantType.per_1x32,1,0,32,0,19.6623,flydsl_moe1_afp4_wfp4_bf16_t32x64x256_w3_bnt0,0.0%,13.4339,flydsl_moe2_afp4_wfp4_bf16_t32x256x128_atomic,0.0%,33.0962,0,0,0,8.36,24382.79,
256,16,4096,128,513,11,ActivationType.Silu,torch.bfloat16,torch.float4_e2m1fn_x2,torch.float4_e2m1fn_x2,QuantType.per_1x32,1,0,32,0,23.0923,moe_ck2stages_gemm1_64x32x32x128_1x1_MulABScaleShuffled_v3_Nswizzle0_Quant3_MulRoutedWeight0_silu_FP4X2_FP4X2_B16,0.0%,17.7676,flydsl_moe2_afp4_wfp4_bf16_t32x256x128_atomic_bnt2,0.0%,40.8599,0,0,0,13.55,19752.27,
256,32,4096,128,513,11,ActivationType.Silu,torch.bfloat16,torch.float4_e2m1fn_x2,torch.float4_e2m1fn_x2,QuantType.per_1x32,1,0,32,0,31.1229,flydsl_moe1_afp4_wfp4_bf16_t32x64x256_w4,0.0%,24.4391,flydsl_moe2_afp4_wfp4_bf16_t32x256x128_reduce_persist,0.0%,55.562,0,0,0,19.93,14529.22,
256,64,4096,128,513,11,ActivationType.Silu,torch.bfloat16,torch.float4_e2m1fn_x2,torch.float4_e2m1fn_x2,QuantType.per_1x32,1,0,32,0,42.4364,flydsl_moe1_afp4_wfp4_bf16_t32x64x256_w3,0.0%,32.4486,flydsl_moe2_afp4_wfp4_bf16_t32x256x128_atomic,0.0%,74.885,0,0,0,29.57,10785.41,
256,128,4096,128,513,11,ActivationType.Silu,torch.bfloat16,torch.float4_e2m1fn_x2,torch.float4_e2m1fn_x2,QuantType.per_1x32,1,0,32,0,50.2825,flydsl_moe1_afp4_wfp4_bf16_t32x64x256_w4,0.0%,37.3809,flydsl_moe2_afp4_wfp4_bf16_t32x256x128_atomic_bnt2_persist,0.0%,87.6634,0,0,0,50.52,9222.23,
256,256,4096,128,513,11,ActivationType.Silu,torch.bfloat16,torch.float4_e2m1fn_x2,torch.float4_e2m1fn_x2,QuantType.per_1x32,1,0,32,0,51.8229,flydsl_moe1_afp4_wfp4_bf16_t32x32x256_w4_fp4,0.8%,40.8877,flydsl_moe2_afp4_wfp4_bf16_t32x256x128_atomic_bnt2_persist,0.0%,92.7106,0,0,0,95.55,8737.13,
256,512,4096,128,513,11,ActivationType.Silu,torch.bfloat16,torch.float4_e2m1fn_x2,torch.float4_e2m1fn_x2,QuantType.per_1x32,1,0,32,0,57.3663,flydsl_moe1_afp4_wfp4_bf16_t32x32x256_w3_fp4,0.8%,49.6244,flydsl_moe2_afp4_wfp4_bf16_t32x128x128_atomic_bnt2_persist,0.0%,106.9907,0,0,0,165.59,7600.39,
256,1024,4096,128,513,11,ActivationType.Silu,torch.bfloat16,torch.float4_e2m1fn_x2,torch.float4_e2m1fn_x2,QuantType.per_1x32,1,0,32,0,65.0913,flydsl_moe1_afp4_wfp4_bf16_t32x32x256_w3,0.0%,70.4365,flydsl_moe2_afp4_wfp4_bf16_t32x256x128_reduce_persist,0.0%,135.5278,0,0,0,261.45,6046.45,
256,2048,4096,128,513,11,ActivationType.Silu,torch.bfloat16,torch.float4_e2m1fn_x2,torch.float4_e2m1fn_x2,QuantType.per_1x32,1,0,64,0,74.5208,flydsl_moe1_afp4_wfp4_bf16_t64x64x256_w4,0.0%,108.2683,flydsl_moe2_afp4_wfp4_bf16_t64x256x128_reduce_persist,0.0%,182.7891,0,0,0,387.7,4551.94,
256,4096,4096,128,513,11,ActivationType.Silu,torch.bfloat16,torch.float4_e2m1fn_x2,torch.float4_e2m1fn_x2,QuantType.per_1x32,1,0,64,0,81.9143,flydsl_moe1_afp4_wfp4_bf16_t64x128x256_w4_bnt0_xcd4,0.0%,195.6713,flydsl_moe2_afp4_wfp4_bf16_t32x256x128_reduce_persist_sbm64,0.0%,277.5856,0,0,0,510.6,3088.1,
256,8192,4096,128,513,11,ActivationType.Silu,torch.bfloat16,torch.float4_e2m1fn_x2,torch.float4_e2m1fn_x2,QuantType.per_1x32,1,0,64,0,121.5244,flydsl_moe1_afp4_wfp4_bf16_t64x128x256_w3_bnt0_xcd4,0.0%,367.6659,flydsl_moe2_afp4_wfp4_bf16_t32x256x128_reduce_persist_sbm64,0.0%,489.1903,0,0,0,579.46,1855.19,
256,16384,4096,128,513,11,ActivationType.Silu,torch.bfloat16,torch.float4_e2m1fn_x2,torch.float4_e2m1fn_x2,QuantType.per_1x32,1,0,64,0,196.3378,flydsl_moe1_afp4_wfp4_bf16_t64x128x256_w4_bnt0_xcd4,0.0%,723.7574,flydsl_moe2_afp4_wfp4_bf16_t64x256x128_reduce,0.0%,920.0952,0,0,0,616.17,1095.76,
256,32768,4096,128,513,11,ActivationType.Silu,torch.bfloat16,torch.float4_e2m1fn_x2,torch.float4_e2m1fn_x2,QuantType.per_1x32,1,0,64,0,336.2632,flydsl_moe1_afp4_wfp4_bf16_t64x128x256_w3_bnt0_xcd4,0.0%,1440.3712,flydsl_moe2_afp4_wfp4_bf16_t64x256x128_reduce_xcd4,0.0%,1776.6344,0,0,0,638.21,680.8,
